Marz (English),Community,Settlement,Type
Aragatsotn,,Ագարակ,Գյուղ/բնակավայր
Aragatsotn,,Ագարակավան,Գյուղ/բնակավայր
Aragatsotn,,Ալագյազ,Գյուղ/բնակավայր
Aragatsotn,,Ակունք,Գյուղ/բնակավայր
Aragatsotn,,Աղձք,Գյուղ/բնակավայր
Aragatsotn,,Անտառուտ,Գյուղ/բնակավայր
Aragatsotn,,Աշնակ,Գյուղ/բնակավայր
Aragatsotn,,Ապնագյուղ,Գյուղ/բնակավայր
Aragatsotn,,Ավան,Գյուղ/բնակավայր
Aragatsotn,,Ավշեն,Գյուղ/բնակավայր
Aragatsotn,,Արա,Գյուղ/բնակավայր
Aragatsotn,,Արագած,Գյուղ/բնակավայր
Aragatsotn,,Արագածավան,Գյուղ/բնակավայր
Aragatsotn,,Արագածոտն,Գյուղ/բնակավայր
Aragatsotn,,Արուճ,Գյուղ/բնակավայր
Aragatsotn,,Արտաշավան,Գյուղ/բնակավայր
Aragatsotn,,Արտենի,Գյուղ/բնակավայր
Aragatsotn,,Արևուտ,Գյուղ/բնակավայր
Aragatsotn,,Բազմաղբյուր,Գյուղ/բնակավայր
Aragatsotn,,Բերքառատ,Գյուղ/բնակավայր
Aragatsotn,,Բյուրական,Գյուղ/բնակավայր
Aragatsotn,,Գառնահովիտ,Գյուղ/բնակավայր
Aragatsotn,,Գեղադիր,Գյուղ/բնակավայր
Aragatsotn,,Գեղաձոր,Գյուղ/բնակավայր
Aragatsotn,,Գեղարոտ,Գյուղ/բնակավայր
Aragatsotn,,Գետափ,Գյուղ/բնակավայր
Aragatsotn,,Դաշտադեմ,Գյուղ/բնակավայր
Aragatsotn,,Դավթաշեն,Գյուղ/բնակավայր
Aragatsotn,,Դիան,Գյուղ/բնակավայր
Aragatsotn,,Դպրեվանք,Գյուղ/բնակավայր
Aragatsotn,,Եղիպատրուշ,Գյուղ/բնակավայր
Aragatsotn,,Եղնիկ,Գյուղ/բնակավայր
Aragatsotn,,Երնջատափ,Գյուղ/բնակավայր
Aragatsotn,,Զարինջա,Գյուղ/բնակավայր
Aragatsotn,,Զովասար,Գյուղ/բնակավայր
Aragatsotn,,Թաթուլ,Գյուղ/բնակավայր
Aragatsotn,,Թեղեր,Գյուղ/բնակավայր
Aragatsotn,,Թթուջուր,Գյուղ/բնակավայր
Aragatsotn,,Թլիկ,Գյուղ/բնակավայր
Aragatsotn,,Իրինդ,Գյուղ/բնակավայր
Aragatsotn,,Լեռնապար,Գյուղ/բնակավայր
Aragatsotn,,Լեռնառոտ,Գյուղ/բնակավայր
Aragatsotn,,Լուսագյուղ,Գյուղ/բնակավայր
Aragatsotn,,Լուսակն,Գյուղ/բնակավայր
Aragatsotn,,Լուսաղբյուր,Գյուղ/բնակավայր
Aragatsotn,,Խնուսիկ,Գյուղ/բնակավայր
Aragatsotn,,Ծաղկահովիտ,Գյուղ/բնակավայր
Aragatsotn,,Ծաղկաշեն,Գյուղ/բնակավայր
Aragatsotn,,Ծաղկասար,Գյուղ/բնակավայր
Aragatsotn,,Ծամաքասար,Գյուղ/բնակավայր
Aragatsotn,,Ծիլքար,Գյուղ/բնակավայր
Aragatsotn,,Կաթնաղբյուր,Գյուղ/բնակավայր
Aragatsotn,,Կայք,Գյուղ/բնակավայր
Aragatsotn,,Կանիաշիր,Գյուղ/բնակավայր
Aragatsotn,,Կանչ,Գյուղ/բնակավայր
Aragatsotn,,Կարբի,Գյուղ/բնակավայր
Aragatsotn,,Կարին,Գյուղ/բնակավայր
Aragatsotn,,Կարմրաշեն,Գյուղ/բնակավայր
Aragatsotn,,Կաքավաձոր,Գյուղ/բնակավայր
Aragatsotn,,Կոշ,Գյուղ/բնակավայր
Aragatsotn,,Հակո,Գյուղ/բնակավայր
Aragatsotn,,Հարթավան,Գյուղ/բնակավայր
Aragatsotn,,Հացաշեն,Գյուղ/բնակավայր
Aragatsotn,,Հնաբերդ,Գյուղ/բնակավայր
Aragatsotn,,Ձմնասար,Գյուղ/բնակավայր
Aragatsotn,,Ձորագլուխ,Գյուղ/բնակավայր
Aragatsotn,,Ձորագյուղ,Գյուղ/բնակավայր
Aragatsotn,,Ղազարավան,Գյուղ/բնակավայր
Aragatsotn,,Ճքնաղ,Գյուղ/բնակավայր
Aragatsotn,,Մաստարա,Գյուղ/բնակավայր
Aragatsotn,,Մելիքգյուղ,Գյուղ/բնակավայր
Aragatsotn,,Մեծաձոր,Գյուղ/բնակավայր
Aragatsotn,,Միջնատուն,Գյուղ/բնակավայր
Aragatsotn,,Միրաք,Գյուղ/բնակավայր
Aragatsotn,,Ներքին Բազմաբերդ,Գյուղ/բնակավայր
Aragatsotn,,Ներքին Սասնաշեն,Գյուղ/բնակավայր
Aragatsotn,,Նիգավան,Գյուղ/բնակավայր
Aragatsotn,,Նիգատուն,Գյուղ/բնակավայր
Aragatsotn,,Նոր Ամանոս,Գյուղ/բնակավայր
Aragatsotn,,Նոր Արթիկ,Գյուղ/բնակավայր
Aragatsotn,,Նոր Եդեսիա,Գյուղ/բնակավայր
Aragatsotn,,Նորաշեն,Գյուղ/բնակավայր
Aragatsotn,,Շամիրամ,Գյուղ/բնակավայր
Aragatsotn,,Շենավան,Գյուղ/բնակավայր
Aragatsotn,,Շենկանի,Գյուղ/բնակավայր
Aragatsotn,,Շղարշիկ,Գյուղ/բնակավայր
Aragatsotn,,Շողակն,Գյուղ/բնակավայր
Aragatsotn,,Ոսկեթաս,Գյուղ/բնակավայր
Aragatsotn,,Ոսկեհատ,Գյուղ/բնակավայր
Aragatsotn,,Ոսկեվազ,Գյուղ/բնակավայր
Aragatsotn,,Ուշի,Գյուղ/բնակավայր
Aragatsotn,,Ուջան,Գյուղ/բնակավայր
Aragatsotn,,Չարչակիս,Գյուղ/բնակավայր
Aragatsotn,,Պարտիզակ,Գյուղ/բնակավայր
Aragatsotn,,Ջամշլու,Գյուղ/բնակավայր
Aragatsotn,,Ջրամբար,Գյուղ/բնակավայր
Aragatsotn,,Ռյա Թազա,Գյուղ/բնակավայր
Aragatsotn,,Սադունց,Գյուղ/բնակավայր
Aragatsotn,,Սաղմոսավան,Գյուղ/բնակավայր
Aragatsotn,,Սասունիկ,Գյուղ/բնակավայր
Aragatsotn,,Սարալանջ,Գյուղ/բնակավայր
Aragatsotn,,Սիպան,Գյուղ/բնակավայր
Aragatsotn,,Սորիկ,Գյուղ/բնակավայր
Aragatsotn,,Սուսեր,Գյուղ/բնակավայր
Aragatsotn,,Վարդաբլուր,Գյուղ/բնակավայր
Aragatsotn,,Վարդենիս,Գյուղ/բնակավայր
Aragatsotn,,Վարդենուտ,Գյուղ/բնակավայր
Aragatsotn,,Վերին Բազմաբերդ,Գյուղ/բնակավայր
Aragatsotn,,Վերին Սասնաշեն,Գյուղ/բնակավայր
Aragatsotn,,Վերին Սասունիկ,Գյուղ/բնակավայր
Aragatsotn,,Փարպի,Գյուղ/բնակավայր
Aragatsotn,,Քուչակ,Գյուղ/բնակավայր
Aragatsotn,,Օթևան,Գյուղ/բնակավայր
Aragatsotn,,Օհանավան,Գյուղ/բնակավայր
Aragatsotn,,Օշական,Գյուղ/բնակավայր
Aragatsotn,,Օրգով,Գյուղ/բնակավայր
Aragatsotn,Աշտարակ,Աշտարակ,Քաղաք
Aragatsotn,Ապարան,Ապարան,Քաղաք
Aragatsotn,Թալին,Թալին,Քաղաք
Ararat,,Աբովյան,Գյուղ/բնակավայր
Ararat,,Ազատաշեն,Գյուղ/բնակավայր
Ararat,,Ազատավան,Գյուղ/բնակավայր
Ararat,,Այգավան,Գյուղ/բնակավայր
Ararat,,Այգեզարդ,Գյուղ/բնակավայր
Ararat,,Այգեպատ,Գյուղ/բնակավայր
Ararat,,Այգեստան,Գյուղ/բնակավայր
Ararat,,Այնթապ,Գյուղ/բնակավայր
Ararat,,Ավշար,Գյուղ/բնակավայր
Ararat,,Արալեզ,Գյուղ/բնակավայր
Ararat,,Արաքսավան,Գյուղ/բնակավայր
Ararat,,Արբաթ,Գյուղ/բնակավայր
Ararat,,Արգավանդ,Գյուղ/բնակավայր
Ararat,,Արմաշ,Գյուղ/բնակավայր
Ararat,,Արևաբույր,Գյուղ/բնակավայր
Ararat,,Արևշատ,Գյուղ/բնակավայր
Ararat,,Բաղրամյան,Գյուղ/բնակավայր
Ararat,,Բարձրաշեն,Գյուղ/բնակավայր
Ararat,,Բերդիկ,Գյուղ/բնակավայր
Ararat,,Բերքանուշ,Գյուղ/բնակավայր
Ararat,,Բյուրավան,Գյուղ/բնակավայր
Ararat,,Բուրաստան,Գյուղ/բնակավայր
Ararat,,Գեղանիստ,Գյուղ/բնակավայր
Ararat,,Գետազատ,Գյուղ/բնակավայր
Ararat,,Գետափնյա,Գյուղ/բնակավայր
Ararat,,Գինեվետ,Գյուղ/բնակավայր
Ararat,,Գորավան,Գյուղ/բնակավայր
Ararat,,Դալար,Գյուղ/բնակավայր
Ararat,,Դաշտավան,Գյուղ/բնակավայր
Ararat,,Դաշտաքար,Գյուղ/բնակավայր
Ararat,,Դարակերտ,Գյուղ/բնակավայր
Ararat,,Դարբնիկ,Գյուղ/բնակավայր
Ararat,,Դեղձուտ,Գյուղ/բնակավայր
Ararat,,Դիտակ,Գյուղ/բնակավայր
Ararat,,Դմիտրով,Գյուղ/բնակավայր
Ararat,,Դվին,Գյուղ/բնակավայր
Ararat,,Եղեգնավան,Գյուղ/բնակավայր
Ararat,,Երասխ,Գյուղ/բնակավայր
Ararat,,Զանգակատուն,Գյուղ/բնակավայր
Ararat,,Զորակ,Գյուղ/բնակավայր
Ararat,,Լանջազատ,Գյուղ/բնակավայր
Ararat,,Լանջանիստ,Գյուղ/բնակավայր
Ararat,,Լանջառ,Գյուղ/բնակավայր
Ararat,,Լուսաշող,Գյուղ/բնակավայր
Ararat,,Լուսառատ,Գյուղ/բնակավայր
Ararat,,Խաչփար,Գյուղ/բնակավայր
Ararat,,Կանաչուտ,Գյուղ/բնակավայր
Ararat,,Կաքավաբերդ,Գյուղ/բնակավայր
Ararat,,Հայանիստ,Գյուղ/բնակավայր
Ararat,,Հնաբերդ,Գյուղ/բնակավայր
Ararat,,Հովտաշատ,Գյուղ/բնակավայր
Ararat,,Հովտաշեն,Գյուղ/բնակավայր
Ararat,,Ղուկասավան,Գյուղ/բնակավայր
Ararat,,Մարմարաշեն,Գյուղ/բնակավայր
Ararat,,Մխչյան,Գյուղ/բնակավայր
Ararat,,Մրգանուշ,Գյուղ/բնակավայր
Ararat,,Մրգավան,Գյուղ/բնակավայր
Ararat,,Մրգավետ,Գյուղ/բնակավայր
Ararat,,Նարեկ,Գյուղ/բնակավայր
Ararat,,Նիզամի,Գյուղ/բնակավայր
Ararat,,Նշավան,Գյուղ/բնակավայր
Ararat,,Նոյակերտ,Գյուղ/բնակավայր
Ararat,,Նոր Խարբերդ,Գյուղ/բնակավայր
Ararat,,Նոր Կյանք,Գյուղ/բնակավայր
Ararat,,Նոր Կյուրին,Գյուղ/բնակավայր
Ararat,,Նոր Ուղի,Գյուղ/բնակավայր
Ararat,,Նորաբաց,Գյուղ/բնակավայր
Ararat,,Նորամարգ,Գյուղ/բնակավայր
Ararat,,Նորաշեն,Գյուղ/բնակավայր
Ararat,,Շահումյան,Գյուղ/բնակավայր
Ararat,,Շաղափ,Գյուղ/բնակավայր
Ararat,,Ոսկետափ,Գյուղ/բնակավայր
Ararat,,Ոստան,Գյուղ/բնակավայր
Ararat,,Ուրցալանջ,Գյուղ/բնակավայր
Ararat,,Ուրցաձոր,Գյուղ/բնակավայր
Ararat,,Պարույր Սևակ,Գյուղ/բնակավայր
Ararat,,Ջրահովիտ,Գյուղ/բնակավայր
Ararat,,Ջրաշեն,Գյուղ/բնակավայր
Ararat,,Ռանչպար,Գյուղ/բնակավայր
Ararat,,Սայաթ-Նովա,Գյուղ/բնակավայր
Ararat,,Սիս,Գյուղ/բնակավայր
Ararat,,Սիսավան,Գյուղ/բնակավայր
Ararat,,Սիփանիկ,Գյուղ/բնակավայր
Ararat,,Սուրենավան,Գյուղ/բնակավայր
Ararat,,Վանաշեն,Գյուղ/բնակավայր
Ararat,,Վարդաշատ,Գյուղ/բնակավայր
Ararat,,Վարդաշեն,Գյուղ/բնակավայր
Ararat,,Վերին Արտաշատ,Գյուղ/բնակավայր
Ararat,,Վերին Դվին,Գյուղ/բնակավայր
Ararat,,Տափերական,Գյուղ/բնակավայր
Ararat,,Տիգրանաշեն,Գյուղ/բնակավայր
Ararat,,Փոքր Վեդի,Գյուղ/բնակավայր
Ararat,,Քաղցրաշեն,Գյուղ/բնակավայր
Ararat,Արարատ,Արարատ,Քաղաք
Ararat,Արտաշատ,Արտաշատ,Քաղաք
Ararat,Մասիս,Մասիս,Քաղաք
Ararat,Վեդի,Վեդի,Քաղաք
Armavir,Արմավիր,Արմավիր,Քաղաք
Armavir,Մեծամոր,Մեծամոր,Քաղաք
Armavir,Վաղարշապատ,Վաղարշապատ,Քաղաք
Gegharkunik,Գավառ,Գավառ,Քաղաք
Gegharkunik,Ճամբարակ,Ճամբարակ,Քաղաք
Gegharkunik,Մարտունի,Մարտունի,Քաղաք
Gegharkunik,Սևան,Սևան,Քաղաք
Gegharkunik,Վարդենիս,Վարդենիս,Քաղաք
Kotayk,Աբովյան,Աբովյան,Քաղաք
Kotayk,Բյուրեղավան,Բյուրեղավան,Քաղաք
Kotayk,Եղվարդ,Եղվարդ,Քաղաք
Kotayk,Ծաղկաձոր,Ծաղկաձոր,Քաղաք
Kotayk,Հրազդան,Հրազդան,Քաղաք
Kotayk,Նոր Հաճն,Նոր Հաճն,Քաղաք
Kotayk,Չարենցավան,Չարենցավան,Քաղաք
Lori,Ալավերդի,Ալավերդի,Քաղաք
Lori,Ախթալա,Ախթալա,Քաղաք
Lori,Թումանյան,Թումանյան,Քաղաք
Lori,Շամլուղ,Շամլուղ,Քաղաք
Lori,Սպիտակ,Սպիտակ,Քաղաք
Lori,Ստեփանավան,Ստեփանավան,Քաղաք
Lori,Վանաձոր,Վանաձոր,Քաղաք
Lori,Տաշիր,Տաշիր,Քաղաք
Shirak,Արթիկ,Արթիկ,Քաղաք
Shirak,Գյումրի,Գյումրի,Քաղաք
Shirak,Մարալիկ,Մարալիկ,Քաղաք
Syunik,Ագարակ,Ագարակ,Քաղաք
Syunik,Գորիս,Գորիս,Քաղաք
Syunik,Դաստակերտ,Դաստակերտ,Քաղաք
Syunik,Կապան,Կապան,Քաղաք
Syunik,Մեղրի,Մեղրի,Քաղաք
Syunik,Սիսիան,Սիսիան,Քաղաք
Syunik,Քաջարան,Քաջարան,Քաղաք
Tavush,Այրում,Այրում,Քաղաք
Tavush,Բերդ,Բերդ,Քաղաք
Tavush,Դիլիջան,Դիլիջան,Քաղաք
Tavush,Իջևան,Իջևան,Քաղաք
Tavush,Նոյեմբերյան,Նոյեմբերյան,Քաղաք
Vayots Dzor,Եղեգնաձոր,Եղեգնաձոր,Քաղաք
Vayots Dzor,Ջերմուկ,Ջերմուկ,Քաղաք
Vayots Dzor,Վայք,Վայք,Քաղաք
