subcategory,slug,unit,surface,price_min,price_typical,price_max,en,hy,ru,ar,fa,hi
construction-turnkey-houses,house-shell-construction,SquareMeter,None,25000,35000,50000,House shell construction,Տան սև կարկասի կառուցում,Строительство коробки дома,بناء الهيكل الأساسي للمنزل,سفت‌کاری و ساخت اسکلت خانه,घर का ढांचा निर्माण
construction-turnkey-houses,house-interior-finishing,SquareMeter,Floor,20000,30000,45000,Interior finishing of a house,Տան ներքին հարդարում,Внутренняя отделка дома,التشطيبات الداخلية للمنزل,نازک‌کاری داخلی خانه,घर की इंटीरियर फ़िनिशिंग
construction-foundations,strip-foundation,CubicMeter,None,15000,22000,30000,Strip foundation,Ժապավենային հիմք,Ленточный фундамент,أساس شريطي,فونداسیون نواری,स्ट्रिप फ़ाउंडेशन
construction-foundations,slab-foundation,CubicMeter,None,12000,18000,25000,Slab foundation,Սալային հիմք,Плитный фундамент,أساس لبشة,فونداسیون گسترده (رادیه),स्लैब फ़ाउंडेशन
construction-foundations,foundation-waterproofing,SquareMeter,Wall,2000,3000,5000,Foundation waterproofing,Հիմքի ջրամեկուսացում,Гидроизоляция фундамента,عزل الأساسات ضد الماء,عایق‌کاری رطوبتی فونداسیون,फ़ाउंडेशन वॉटरप्रूफ़िंग
construction-masonry,tuff-wall-masonry,SquareMeter,Wall,5000,7000,10000,Tuff stone wall laying,Տուֆով պատի շարում,Кладка стен из туфа,بناء جدران من حجر التوف,دیوارچینی با سنگ توف,टफ़ पत्थर की दीवार चिनाई
construction-masonry,block-wall-masonry,SquareMeter,Wall,3000,4500,6500,Concrete block wall laying,Բետոնե բլոկով պատի շարում,Кладка стен из бетонных блоков,بناء جدران من البلوك الخرساني,دیوارچینی با بلوک بتنی,कंक्रीट ब्लॉक की दीवार चिनाई
construction-masonry,brick-wall-masonry,SquareMeter,Wall,4000,6000,9000,Brick wall laying,Աղյուսով պատի շարում,Кладка стен из кирпича,بناء جدران من الطوب,آجرچینی دیوار,ईंट की दीवार चिनाई
construction-masonry,light-block-partition,SquareMeter,Wall,3000,4000,6000,Light block partition wall,Թեթև բլոկից միջնապատ,Перегородка из лёгких блоков,جدار فاصل من البلوك الخفيف,دیوار جداکننده با بلوک سبک,हल्के ब्लॉक की पार्टिशन दीवार
construction-concrete,concrete-pouring,CubicMeter,None,10000,15000,25000,Concrete pouring,Բետոնի լցում,Заливка бетона,صب الخرسانة,بتن‌ریزی,कंक्रीट ढलाई
construction-concrete,reinforced-concrete-slab,CubicMeter,None,20000,30000,45000,Reinforced concrete slab,Երկաթբետոնե սալ,Железобетонная плита,بلاطة خرسانية مسلحة,دال بتن مسلح,आरसीसी स्लैब
construction-concrete,formwork-installation,SquareMeter,None,2500,4000,6000,Formwork installation,Կաղապարամածի տեղադրում,Монтаж опалубки,تركيب القوالب (الشدة),قالب‌بندی,शटरिंग का काम
construction-extensions,extension-shell,SquareMeter,Floor,25000,35000,50000,"Extension or extra floor, shell work","Կցակառույց կամ լրացուցիչ հարկ, սև կարկաս","Пристройка или надстройка этажа, коробка",توسعة أو طابق إضافي، أعمال الهيكل,توسعه یا طبقه اضافه، سفت‌کاری,"एक्सटेंशन या अतिरिक्त मंज़िल, ढांचा कार्य"
construction-extensions,loggia-extension,SquareMeter,Floor,20000,30000,45000,Balcony or loggia extension,Պատշգամբի կամ լոջիայի ընդլայնում,Расширение балкона или лоджии,توسيع الشرفة أو اللوجيا,توسعه بالکن یا لاجیا,बालकनी या लॉजिया का विस्तार
construction-outbuildings,garage-construction,SquareMeter,Floor,20000,30000,45000,Garage construction,Ավտոտնակի կառուցում,Строительство гаража,بناء مرآب,ساخت گاراژ,गैराज निर्माण
construction-outbuildings,outbuilding-construction,SquareMeter,Floor,15000,22000,35000,Shed or outbuilding construction,Պահեստի կամ օժանդակ շինության կառուցում,Строительство сарая или хозпостройки,بناء سقيفة أو ملحق,ساخت انباری یا سازه جانبی,शेड या आउटहाउस निर्माण
construction-stairs,concrete-stairs,Piece,None,8000,12000,20000,"Concrete stairs, per step","Բետոնե աստիճաններ, 1 աստիճանի համար","Бетонная лестница, за ступень",درج خرساني، لكل درجة,پله بتنی، به ازای هر پله,"कंक्रीट की सीढ़ियां, प्रति स्टेप"
construction-stairs,stair-step-cladding,Piece,None,5000,8000,12000,Stair step cladding with tiles or stone,Աստիճանների երեսպատում սալիկով կամ քարով,Облицовка ступеней плиткой или камнем,تكسية درجات السلم بالبلاط أو الحجر,روکش پله با کاشی یا سنگ,सीढ़ी के स्टेप पर टाइल या पत्थर लगाना
construction-reinforcement,wall-mesh-reinforcement,SquareMeter,Wall,6000,9000,14000,Wall reinforcement with steel mesh and shotcrete,Պատի ամրացում մետաղական ցանցով և տորկրետով,Усиление стен металлической сеткой и торкретированием,تدعيم الجدران بشبك فولاذي وخرسانة مقذوفة,تقویت دیوار با مش فولادی و شاتکریت,स्टील मेश और शॉटक्रीट से दीवार की मज़बूती
construction-reinforcement,wall-opening-reinforcement,Piece,None,40000,70000,120000,Reinforcing a new wall opening,Պատում նոր բացվածքի ամրացում,Усиление нового проёма в стене,تدعيم فتحة جديدة في الجدار,تقویت بازشوی جدید در دیوار,दीवार में नए ओपनिंग की मज़बूती
construction-reinforcement,crack-injection-repair,RunningMeter,None,3000,5000,8000,Crack repair by injection,Ճաքերի վերանորոգում ներարկման եղանակով,Ремонт трещин методом инъектирования,إصلاح الشقوق بالحقن,ترمیم ترک با تزریق,इंजेक्शन से दरारों की मरम्मत
renovation-apartment,apartment-renovation-premium,SquareMeter,Floor,25000,35000,55000,"Full apartment renovation, premium","Բնակարանի ամբողջական վերանորոգում, պրեմիում","Полный ремонт квартиры, премиум",تجديد شامل للشقة، فئة ممتازة,بازسازی کامل آپارتمان، لوکس,"पूरे अपार्टमेंट का रेनोवेशन, प्रीमियम"
renovation-apartment,apartment-renovation-standard,SquareMeter,Floor,15000,22000,30000,"Full apartment renovation, standard","Բնակարանի ամբողջական վերանորոգում, ստանդարտ","Полный ремонт квартиры, стандарт",تجديد شامل للشقة، فئة قياسية,بازسازی کامل آپارتمان، استاندارد,"पूरे अपार्टमेंट का रेनोवेशन, स्टैंडर्ड"
renovation-cosmetic,cosmetic-renovation,SquareMeter,Floor,6000,9000,14000,"Cosmetic renovation (paint, wallpaper, floor)","Կոսմետիկ վերանորոգում (ներկ, պաստառ, հատակ)","Косметический ремонт (покраска, обои, пол)",تجديد تجميلي (دهان، ورق جدران، أرضيات),بازسازی سطحی (رنگ، کاغذدیواری، کف),"कॉस्मेटिक रेनोवेशन (पेंट, वॉलपेपर, फ़र्श)"
renovation-cosmetic,wall-patching,SquareMeter,Wall,1500,2500,4000,Patching and repairing walls,Պատերի կարկատում և վերանորոգում,Заделка и ремонт стен,ترميم وإصلاح الجدران,لکه‌گیری و تعمیر دیوار,दीवारों की पैचिंग और मरम्मत
renovation-plastering,wall-plastering,SquareMeter,Wall,2500,3500,5000,Wall plastering,Պատերի սվաղում,Штукатурка стен,لياسة الجدران,گچ‌کاری دیوار,दीवार पर प्लास्टर
renovation-plastering,ceiling-plastering,SquareMeter,Ceiling,3000,4000,6000,Ceiling plastering,Առաստաղի սվաղում,Штукатурка потолка,لياسة الأسقف,گچ‌کاری سقف,छत पर प्लास्टर
renovation-plastering,wall-putty,SquareMeter,Wall,1500,2200,3500,"Wall putty, finishing coat","Պատերի շպատլյովկա, վերջնական շերտ",Финишная шпаклёвка стен,معجون الجدران، طبقة نهائية,بتونه‌کاری دیوار، لایه نهایی,"दीवार पर पुट्टी, फ़िनिशिंग कोट"
renovation-plastering,ceiling-putty,SquareMeter,Ceiling,1800,2500,4000,"Ceiling putty, finishing coat","Առաստաղի շպատլյովկա, վերջնական շերտ",Финишная шпаклёвка потолка,معجون الأسقف، طبقة نهائية,بتونه‌کاری سقف، لایه نهایی,"छत पर पुट्टी, फ़िनिशिंग कोट"
renovation-plastering,corner-bead-installation,RunningMeter,None,500,800,1200,Corner bead installation,Ներկարարական անկյունակների տեղադրում,Установка малярных уголков,تركيب زوايا حماية الحواف,نصب نبشی گوشه دیوار,कॉर्नर बीड लगाना
renovation-painting,wall-painting,SquareMeter,Wall,1000,1500,2500,"Wall painting, two coats","Պատերի ներկում, երկու շերտ",Покраска стен в два слоя,دهان الجدران، طبقتان,رنگ‌آمیزی دیوار، دو لایه,"दीवार पेंटिंग, दो कोट"
renovation-painting,ceiling-painting,SquareMeter,Ceiling,1200,1800,2800,"Ceiling painting, two coats","Առաստաղի ներկում, երկու շերտ",Покраска потолка в два слоя,دهان الأسقف، طبقتان,رنگ‌آمیزی سقف، دو لایه,"छत पेंटिंग, दो कोट"
renovation-painting,surface-priming,SquareMeter,Wall,300,500,800,Priming surfaces,Մակերեսների գրունտում,Грунтовка поверхностей,طلاء الأسطح بالبرايمر,آستر زدن سطوح,सतहों पर प्राइमर लगाना
renovation-painting,door-painting,Piece,None,8000,12000,20000,Door painting,Դռան ներկում,Покраска двери,دهان الأبواب,رنگ‌آمیزی در,दरवाज़े की पेंटिंग
renovation-painting,radiator-painting,Piece,None,4000,6000,10000,Radiator painting,Ռադիատորի ներկում,Покраска радиатора,دهان المشعات,رنگ‌آمیزی رادیاتور,रेडिएटर की पेंटिंग
renovation-wallpaper,wallpaper-hanging,SquareMeter,Wall,1500,2000,3000,Wallpaper hanging,Պաստառապատում,Поклейка обоев,تركيب ورق الجدران,نصب کاغذدیواری,वॉलपेपर लगाना
renovation-wallpaper,wallpaper-removal,SquareMeter,Wall,500,800,1200,Old wallpaper removal,Հին պաստառի հեռացում,Снятие старых обоев,إزالة ورق الجدران القديم,برداشتن کاغذدیواری قدیمی,पुराना वॉलपेपर हटाना
renovation-wallpaper,glass-fibre-wallpaper,SquareMeter,Wall,1500,2200,3200,Paintable glass-fibre wallpaper,Ներկվող ապակեպաստառ,Стеклообои под покраску,ورق جدران من الألياف الزجاجية قابل للدهان,کاغذدیواری فایبرگلاس قابل رنگ,पेंट होने वाला ग्लास-फ़ाइबर वॉलपेपर
renovation-tiling,wall-tiling,SquareMeter,Wall,5000,7000,10000,Wall tiling,Պատերի սալիկապատում,Укладка плитки на стены,تبليط الجدران,کاشی‌کاری دیوار,दीवार पर टाइल लगाना
renovation-tiling,floor-tiling,SquareMeter,Floor,5000,6500,9000,Floor tiling,Հատակի սալիկապատում,Укладка плитки на пол,تبليط الأرضيات,کاشی‌کاری کف,फ़र्श पर टाइल लगाना
renovation-tiling,large-format-tiling,SquareMeter,Floor,8000,11000,16000,Large-format porcelain slab laying,Խոշոր չափսի կերամոգրանիտե սալերի տեղադրում,Укладка крупноформатного керамогранита,تركيب ألواح البورسلين كبيرة الحجم,نصب اسلب پرسلان با ابعاد بزرگ,बड़े साइज़ की पोर्सिलेन स्लैब लगाना
renovation-tiling,mosaic-laying,SquareMeter,Wall,8000,12000,18000,Mosaic laying,Մոզաիկայի տեղադրում,Укладка мозаики,تركيب الموزاييك,نصب کاشی موزاییک,मोज़ेक लगाना
renovation-tiling,tile-grouting,SquareMeter,Wall,1000,1500,2500,Tile grouting and re-grouting,Սալիկի կարերի լցում և նորացում,Затирка и перезатирка швов плитки,ترويب البلاط وإعادة ترويبه,بندکشی و ترمیم بندکشی کاشی,टाइल ग्राउटिंग और री-ग्राउटिंग
renovation-tiling,tile-removal,SquareMeter,Wall,1000,1500,2500,Old tile removal,Հին սալիկի ապամոնտաժում,Демонтаж старой плитки,إزالة البلاط القديم,برداشتن کاشی قدیمی,पुरानी टाइल हटाना
renovation-tiling,tile-skirting,RunningMeter,None,1000,1500,2500,Tile skirting,Սալիկից պլինտուս,Плинтус из плитки,نعلات من البلاط,قرنیز کاشی,टाइल स्कर्टिंग
renovation-flooring,laminate-laying,SquareMeter,Floor,1500,2000,3000,Laminate laying,Լամինատի տեղադրում,Укладка ламината,تركيب أرضيات اللامينيت,نصب کفپوش لمینت,लैमिनेट फ़्लोरिंग लगाना
renovation-flooring,parquet-laying,SquareMeter,Floor,3000,4500,7000,Parquet laying,Մանրահատակի տեղադրում,Укладка паркета,تركيب الباركيه,نصب پارکت,पार्केट फ़्लोरिंग लगाना
renovation-flooring,parquet-sanding,SquareMeter,Floor,3000,4500,6500,Parquet sanding and varnishing,Մանրահատակի հղկում և լաքապատում,Циклёвка и лакировка паркета,صنفرة الباركيه وطلاؤه بالورنيش,سنباده‌زنی و لاک‌زنی پارکت,पार्केट की सैंडिंग और वार्निशिंग
renovation-flooring,vinyl-flooring,SquareMeter,Floor,1800,2500,3500,"Vinyl (SPC, LVT) flooring","Վինիլային հատակի (SPC, LVT) տեղադրում","Укладка виниловых полов (SPC, LVT)",أرضيات الفينيل (SPC، LVT),کفپوش وینیل (SPC، LVT),"विनाइल (SPC, LVT) फ़्लोरिंग"
renovation-flooring,skirting-installation,RunningMeter,None,600,1000,1500,Skirting board installation,Պլինտուսի տեղադրում,Монтаж плинтуса,تركيب النعلات (الوزرات),نصب قرنیز,स्कर्टिंग बोर्ड लगाना
renovation-flooring,floor-covering-removal,SquareMeter,Floor,800,1500,2500,Old floor covering removal,Հին հատակածածկի ապամոնտաժում,Демонтаж старого напольного покрытия,إزالة غطاء الأرضية القديم,برداشتن کفپوش قدیمی,पुरानी फ़्लोरिंग हटाना
renovation-screed,floor-screed,SquareMeter,Floor,2000,2500,4000,Floor screed,Հատակի լցահարթեցում (ստյաժկա),Стяжка пола,صبة تسوية الأرضية,کف‌سازی با ملات (اسکرید),फ़र्श की स्क्रीडिंग
renovation-screed,self-levelling-floor,SquareMeter,Floor,1200,1800,2800,Self-levelling floor,Ինքնահարթեցվող հատակ,Наливной пол,أرضية ذاتية التسوية,کف خودتراز,सेल्फ़-लेवलिंग फ़्लोर
renovation-ceilings,stretch-ceiling,SquareMeter,Ceiling,2000,3000,4500,Stretch ceiling installation,Ձգվող առաստաղի տեղադրում,Монтаж натяжного потолка,تركيب سقف مشدود,نصب سقف کشسان,स्ट्रेच सीलिंग लगाना
renovation-ceilings,drywall-ceiling,SquareMeter,Ceiling,4000,5500,8000,Drywall ceiling,Գիպսաստվարաթղթե առաստաղ,Потолок из гипсокартона,سقف من الجبس بورد,سقف کاذب کناف,जिप्सम बोर्ड फ़ॉल्स सीलिंग
renovation-ceilings,multilevel-ceiling,SquareMeter,Ceiling,6000,8500,12000,Multi-level drywall ceiling,Բազմամակարդակ գիպսաստվարաթղթե առաստաղ,Многоуровневый потолок из гипсокартона,سقف جبس بورد متعدد المستويات,سقف کاذب کناف چندسطحی,मल्टी-लेवल जिप्सम फ़ॉल्स सीलिंग
renovation-ceilings,ceiling-cornice,RunningMeter,None,800,1200,2000,Ceiling cornice installation,Առաստաղի քիվի տեղադրում,Монтаж потолочного плинтуса,تركيب كرانيش السقف,نصب ابزار گچی سقف,सीलिंग कॉर्निस लगाना
renovation-drywall,drywall-partition,SquareMeter,Wall,4000,5000,7500,Drywall partition,Գիպսաստվարաթղթե միջնապատ,Перегородка из гипсокартона,حائط فاصل من الجبس بورد,دیوار جداکننده کناف,जिप्सम बोर्ड पार्टिशन
renovation-drywall,drywall-wall-lining,SquareMeter,Wall,3000,4000,6000,Drywall wall lining,Պատերի երեսպատում գիպսաստվարաթղթով,Обшивка стен гипсокартоном,تكسية الجدران بالجبس بورد,پوشش دیوار با کناف,जिप्सम बोर्ड से दीवार की लाइनिंग
renovation-drywall,drywall-box-niche,Piece,None,10000,18000,30000,Drywall box or niche,Գիպսաստվարաթղթե արկղ կամ խորշ,Короб или ниша из гипсокартона,صندوق أو تجويف من الجبس بورد,باکس یا طاقچه کناف,जिप्सम बोर्ड बॉक्स या आला
renovation-bathroom,bathroom-renovation,Fixed,None,250000,400000,650000,Full bathroom renovation (up to 5 m²),Լոգասենյակի ամբողջական վերանորոգում (մինչև 5 մ²),Ремонт ванной комнаты под ключ (до 5 м²),تجديد شامل للحمام (حتى 5 m²),بازسازی کامل حمام (تا 5 m²),पूरे बाथरूम का रेनोवेशन (5 m² तक)
renovation-bathroom,toilet-room-renovation,Fixed,None,150000,220000,350000,Toilet room renovation,Զուգարանի վերանորոգում,Ремонт туалета,تجديد دورة المياه,بازسازی سرویس بهداشتی,टॉयलेट रूम का रेनोवेशन
renovation-kitchen,kitchen-renovation,Fixed,None,300000,500000,800000,Full kitchen renovation,Խոհանոցի ամբողջական վերանորոգում,Ремонт кухни под ключ,تجديد شامل للمطبخ,بازسازی کامل آشپزخانه,पूरे किचन का रेनोवेशन
renovation-kitchen,kitchen-backsplash,SquareMeter,Wall,6000,8000,12000,Kitchen backsplash tiling,Խոհանոցի աշխատանքային պատի սալիկապատում,Укладка кухонного фартука из плитки,تبليط واجهة المطبخ الخلفية,کاشی‌کاری بین کابینتی آشپزخانه,किचन बैकस्प्लैश पर टाइल लगाना
renovation-decorative,decorative-plaster,SquareMeter,Wall,4000,7000,12000,"Decorative plaster (Venetian, textured)","Դեկորատիվ սվաղ (վենետիկյան, ռելիեֆային)","Декоративная штукатурка (венецианская, фактурная)",لياسة ديكورية (فينيسية، محببة),اندود دکوراتیو (ونیزی، بافت‌دار),"डेकोरेटिव प्लास्टर (वेनेशियन, टेक्सचर्ड)"
renovation-decorative,microcement-finish,SquareMeter,Wall,8000,12000,18000,Microcement finish,Միկրոցեմենտով հարդարում,Отделка микроцементом,تشطيب بالميكروسمنت,پوشش میکروسمنت,माइक्रोसीमेंट फ़िनिश
renovation-decorative,decorative-wall-panels,SquareMeter,Wall,3000,4500,7000,Decorative wall panels,Դեկորատիվ պատի պանելներ,Декоративные стеновые панели,ألواح جدارية ديكورية,دیوارپوش دکوراتیو,डेकोरेटिव वॉल पैनल
plumbing-fixtures,toilet-installation,Piece,None,10000,15000,22000,Toilet installation,Զուգարանակոնքի տեղադրում,Установка унитаза,تركيب المرحاض,نصب توالت فرنگی,कमोड (टॉयलेट सीट) लगाना
plumbing-fixtures,wall-hung-toilet-installation,Piece,None,20000,30000,45000,Wall-hung toilet with frame,Կախովի զուգարանակոնք ինստալյացիայով,Подвесной унитаз с инсталляцией,مرحاض معلق مع الإطار,توالت وال‌هنگ همراه با فریم,फ़्रेम के साथ वॉल-हंग टॉयलेट
plumbing-fixtures,sink-installation,Piece,None,8000,12000,18000,Sink installation,Լվացարանի տեղադրում,Установка раковины,تركيب المغسلة,نصب روشویی,वॉश बेसिन लगाना
plumbing-fixtures,bathtub-installation,Piece,None,15000,22000,35000,Bathtub installation,Լոգարանի (վաննայի) տեղադրում,Установка ванны,تركيب حوض الاستحمام,نصب وان حمام,बाथटब लगाना
plumbing-fixtures,shower-cabin-installation,Piece,None,20000,30000,45000,Shower cabin installation,Ցնցուղախցիկի տեղադրում,Установка душевой кабины,تركيب كابينة الاستحمام,نصب کابین دوش,शॉवर केबिन लगाना
plumbing-fixtures,walk-in-shower,Piece,None,30000,45000,70000,Walk-in shower with floor drain,Ցնցուղ առանց խցիկի՝ հատակային տրապով,Душ без поддона с трапом в полу,دش مفتوح مع مصرف أرضي,دوش بدون کابین با کفشور,फ़्लोर ड्रेन के साथ वॉक-इन शॉवर
plumbing-fixtures,faucet-installation,Piece,None,4000,6000,9000,Faucet installation,Ծորակի տեղադրում,Установка смесителя,تركيب الحنفية,نصب شیر آب,नल लगाना
plumbing-fixtures,washing-machine-connection,Piece,None,5000,8000,12000,Washing machine connection,Լվացքի մեքենայի միացում,Подключение стиральной машины,توصيل الغسالة,اتصال ماشین لباسشویی,वॉशिंग मशीन कनेक्शन
plumbing-fixtures,dishwasher-connection,Piece,None,5000,8000,12000,Dishwasher connection,Աման լվացող մեքենայի միացում,Подключение посудомоечной машины,توصيل غسالة الصحون,اتصال ماشین ظرفشویی,डिशवॉशर कनेक्शन
plumbing-pipes,water-pipes-point,Point,None,8000,12000,18000,"Water pipes, per point","Ջրատար խողովակներ, 1 կետի համար","Разводка водопровода, за точку",تمديدات المياه، لكل نقطة,لوله‌کشی آب، به ازای هر نقطه,"पानी की पाइपलाइन, प्रति पॉइंट"
plumbing-pipes,sewer-pipes-point,Point,None,8000,12000,18000,"Sewer pipes, per point","Կոյուղու խողովակներ, 1 կետի համար","Разводка канализации, за точку",تمديدات الصرف الصحي، لكل نقطة,لوله‌کشی فاضلاب، به ازای هر نقطه,"सीवर पाइपलाइन, प्रति पॉइंट"
plumbing-pipes,water-riser-replacement,Piece,None,20000,30000,50000,Water riser replacement,Ջրի ստոյակի փոխարինում,Замена стояка водоснабжения,استبدال خط المياه الرأسي,تعویض رایزر آب,पानी का राइज़र बदलना
plumbing-pipes,bathroom-plumbing,Fixed,None,80000,120000,180000,Full bathroom plumbing,Լոգասենյակի սանտեխնիկական աշխատանքներ ամբողջությամբ,Сантехнические работы в ванной под ключ,تمديدات صحية شاملة للحمام,لوله‌کشی کامل حمام,पूरे बाथरूम की प्लंबिंग
plumbing-leaks,leak-repair,Fixed,None,8000,15000,25000,Leak search and repair,Արտահոսքի հայտնաբերում և վերացում,Поиск и устранение протечки,كشف التسربات وإصلاحها,نشت‌یابی و تعمیر,लीकेज ढूंढना और ठीक करना
plumbing-leaks,pipe-joint-repair,Piece,None,5000,8000,12000,Pipe joint repair,Խողովակի միացման վերանորոգում,Ремонт соединения труб,إصلاح وصلات الأنابيب,تعمیر اتصالات لوله,पाइप जॉइंट की मरम्मत
plumbing-drain-cleaning,drain-unclogging,Fixed,None,8000,12000,20000,Drain unclogging,Խցանման վերացում,Устранение засора,تسليك المجاري,رفع گرفتگی لوله,ड्रेन की ब्लॉकेज हटाना
plumbing-drain-cleaning,sewer-jetting,RunningMeter,None,1500,2500,4000,Sewer line jetting,Կոյուղագծի մաքրում ջրի բարձր ճնշմամբ,Гидродинамическая прочистка канализации,تنظيف خط الصرف بضغط الماء,شست‌وشوی لوله فاضلاب با فشار آب,सीवर लाइन की जेटिंग
plumbing-water-heaters,water-heater-installation,Piece,None,10000,15000,22000,Electric water heater installation,Էլեկտրական ջրատաքացուցչի տեղադրում,Установка электрического бойлера,تركيب سخان مياه كهربائي,نصب آبگرمکن برقی,इलेक्ट्रिक गीज़र लगाना
plumbing-water-heaters,instant-water-heater-installation,Piece,None,8000,12000,18000,Instant water heater installation,Հոսքային ջրատաքացուցչի տեղադրում,Установка проточного водонагревателя,تركيب سخان مياه فوري,نصب آبگرمکن فوری,इंस्टेंट गीज़र लगाना
plumbing-water-heaters,water-heater-descaling,Fixed,None,8000,12000,18000,Water heater descaling,Ջրատաքացուցչի մաքրում նստվածքից,Чистка бойлера от накипи,إزالة الترسبات الكلسية من سخان المياه,رسوب‌زدایی آبگرمکن,गीज़र की डीस्केलिंग
plumbing-pumps-filters,water-pump-installation,Piece,None,15000,25000,40000,Water pump installation,Ջրի պոմպի տեղադրում,Установка водяного насоса,تركيب مضخة مياه,نصب پمپ آب,वॉटर पंप लगाना
plumbing-pumps-filters,water-filter-installation,Piece,None,6000,10000,15000,Water filter installation,Ջրի ֆիլտրի տեղադրում,Установка фильтра для воды,تركيب فلتر مياه,نصب فیلتر تصفیه آب,वॉटर फ़िल्टर लगाना
plumbing-pumps-filters,water-tank-installation,Piece,None,15000,25000,40000,Water storage tank installation,Ջրի բաքի տեղադրում,Установка накопительного бака для воды,تركيب خزان مياه,نصب مخزن آب,पानी की टंकी लगाना
plumbing-meters,water-meter-installation,Piece,None,6000,9000,14000,Water meter installation,Ջրաչափի տեղադրում,Установка счётчика воды,تركيب عداد مياه,نصب کنتور آب,पानी का मीटर लगाना
heating-boilers,gas-boiler-installation,Piece,None,30000,45000,70000,Gas boiler installation,Գազի կաթսայի տեղադրում,Установка газового котла,تركيب غلاية غاز,نصب پکیج گازی,गैस बॉयलर लगाना
heating-boilers,gas-boiler-service,Fixed,None,8000,12000,18000,Gas boiler annual service,Գազի կաթսայի տարեկան սպասարկում,Ежегодное обслуживание газового котла,الصيانة السنوية لغلاية الغاز,سرویس سالانه پکیج گازی,गैस बॉयलर की सालाना सर्विस
heating-boilers,gas-boiler-repair,Fixed,None,8000,15000,30000,Gas boiler diagnosis and repair,Գազի կաթսայի ախտորոշում և վերանորոգում,Диагностика и ремонт газового котла,تشخيص أعطال غلاية الغاز وإصلاحها,عیب‌یابی و تعمیر پکیج گازی,गैस बॉयलर की जांच और मरम्मत
heating-radiators,radiator-installation,Piece,None,10000,15000,22000,Radiator installation,Ռադիատորի տեղադրում,Установка радиатора,تركيب مشع تدفئة,نصب رادیاتور,रेडिएटर लगाना
heating-radiators,radiator-replacement,Piece,None,12000,18000,25000,Radiator replacement,Ռադիատորի փոխարինում,Замена радиатора,استبدال مشع تدفئة,تعویض رادیاتور,रेडिएटर बदलना
heating-radiators,towel-rail-installation,Piece,None,8000,12000,18000,Heated towel rail installation,Սրբիչի տաքացուցչի տեղադրում,Установка полотенцесушителя,تركيب سخان مناشف,نصب حوله‌خشک‌کن,हीटेड टॉवल रेल लगाना
heating-underfloor,water-underfloor-heating,SquareMeter,Floor,3500,5000,7500,Water underfloor heating,Ջրային տաք հատակ,Водяной тёплый пол,تدفئة أرضية بالماء,گرمایش از کف آبی,पानी वाली अंडरफ़्लोर हीटिंग
heating-underfloor,electric-underfloor-heating,SquareMeter,Floor,2500,3500,5000,Electric underfloor heating,Էլեկտրական տաք հատակ,Электрический тёплый пол,تدفئة أرضية كهربائية,گرمایش از کف برقی,इलेक्ट्रिक अंडरफ़्लोर हीटिंग
heating-systems,heating-system-installation,SquareMeter,Floor,4000,6000,9000,"Heating system installation, per m² heated","Ջեռուցման համակարգի տեղադրում, ջեռուցվող 1 մ²-ի համար","Монтаж системы отопления, за м² отапливаемой площади",تركيب نظام التدفئة، لكل m² مُدفأ,نصب سیستم گرمایش، به ازای هر m² فضای گرمایشی,"हीटिंग सिस्टम लगाना, प्रति m² गर्म क्षेत्र"
heating-systems,heating-system-flushing,Fixed,None,20000,35000,60000,Heating system flushing,Ջեռուցման համակարգի լվացում,Промывка системы отопления,غسيل نظام التدفئة,شست‌وشوی سیستم گرمایش,हीटिंग सिस्टम की फ़्लशिंग
heating-gas-piping,indoor-gas-pipework,RunningMeter,None,3000,5000,8000,Indoor gas pipework,Ներքին գազատարի անցկացում,Внутренняя разводка газа,تمديدات الغاز الداخلية,لوله‌کشی گاز داخلی,घर के अंदर गैस पाइपलाइन
heating-gas-piping,gas-stove-connection,Piece,None,5000,8000,12000,Gas stove connection,Գազօջախի միացում,Подключение газовой плиты,توصيل موقد الغاز,اتصال اجاق گاز,गैस स्टोव कनेक्शन
heating-fireplaces,fireplace-installation,Piece,None,80000,150000,300000,Fireplace installation,Բուխարու տեղադրում,Установка камина,تركيب مدفأة جدارية,نصب شومینه,फ़ायरप्लेस लगाना
heating-fireplaces,chimney-installation,RunningMeter,None,15000,25000,40000,Chimney installation,Ծխնելույզի տեղադրում,Монтаж дымохода,تركيب مدخنة,نصب دودکش,धुआं निकालने की चिमनी लगाना
heating-fireplaces,wood-stove-installation,Piece,None,30000,50000,80000,Wood stove installation,Փայտի վառարանի տեղադրում,Установка дровяной печи,تركيب مدفأة حطب,نصب بخاری هیزمی,लकड़ी वाला स्टोव लगाना
heating-heat-pumps,heat-pump-installation,Piece,None,150000,250000,400000,Heat pump installation,Ջերմային պոմպի տեղադրում,Установка теплового насоса,تركيب مضخة حرارية,نصب پمپ حرارتی,हीट पंप लगाना
heating-heat-pumps,heat-pump-service,Fixed,None,15000,25000,40000,Heat pump service,Ջերմային պոմպի սպասարկում,Обслуживание теплового насоса,صيانة المضخة الحرارية,سرویس پمپ حرارتی,हीट पंप सर्विस
electrical-wiring,apartment-rewiring,SquareMeter,Floor,3000,4500,7000,"Full apartment rewiring, per m²","Բնակարանի էլեկտրալարերի ամբողջական փոխարինում, 1 մ²-ի համար","Полная замена электропроводки в квартире, за м²",إعادة تمديد الكهرباء للشقة بالكامل، لكل m²,سیم‌کشی مجدد کامل آپارتمان، به ازای هر m²,"पूरे अपार्टमेंट की नई वायरिंग, प्रति m²"
electrical-wiring,wall-chasing,RunningMeter,None,800,1200,2000,Wall chasing for cables,Պատերի ակոսում մալուխների համար,Штробление стен под кабель,حفر مجاري الكابلات في الجدران,شیارزنی دیوار برای کابل,केबल के लिए दीवार में खांचा काटना
electrical-wiring,cable-laying,RunningMeter,None,300,500,900,Cable laying,Մալուխի անցկացում,Прокладка кабеля,تمديد الكابلات,کابل‌کشی,केबल बिछाना
electrical-sockets,socket-installation,Point,None,2500,3500,5000,Socket installation,Վարդակի տեղադրում,Установка розетки,تركيب مقبس كهربائي,نصب پریز,सॉकेट लगाना
electrical-sockets,switch-installation,Point,None,2000,3000,4500,Switch installation,Անջատիչի տեղադրում,Установка выключателя,تركيب مفتاح كهربائي,نصب کلید برق,स्विच लगाना
electrical-sockets,back-box-installation,Point,None,1500,2500,4000,Back box installation in concrete,Մոնտաժային տուփի տեղադրում բետոնում,Установка подрозетника в бетон,تركيب علبة كهربائية في الخرسانة,نصب قوطی برق در بتن,कंक्रीट में बैक बॉक्स लगाना
electrical-lighting,ceiling-light-installation,Piece,None,4000,6000,10000,Ceiling light installation,Առաստաղի լուսատուի տեղադրում,Установка потолочного светильника,تركيب إنارة السقف,نصب چراغ سقفی,सीलिंग लाइट लगाना
electrical-lighting,chandelier-installation,Piece,None,6000,10000,18000,Chandelier installation,Ջահի տեղադրում,Установка люстры,تركيب ثريا,نصب لوستر,झूमर लगाना
electrical-lighting,spotlight-installation,Point,None,1500,2500,4000,Spotlight installation,Կետային լուսատուի տեղադրում,Установка точечного светильника,تركيب الإنارة الموجهة (سبوت لايت),نصب چراغ اسپات‌لایت,स्पॉटलाइट लगाना
electrical-lighting,led-strip-installation,RunningMeter,None,1500,2500,4000,LED strip installation,LED ժապավենի տեղադրում,Монтаж светодиодной ленты,تركيب شريط LED,نصب نوار LED,LED स्ट्रिप लगाना
electrical-panels,distribution-board-assembly,Piece,None,25000,40000,70000,Distribution board assembly,Էլեկտրական վահանակի հավաքում,Сборка электрощита,تجميع لوحة التوزيع الكهربائية,مونتاژ تابلو برق,डिस्ट्रीब्यूशन बोर्ड असेंबली
electrical-panels,circuit-breaker-installation,Piece,None,2500,4000,6000,Circuit breaker installation,Ավտոմատ անջատիչի տեղադրում,Установка автоматического выключателя,تركيب قاطع دائرة,نصب کلید مینیاتوری (فیوز),सर्किट ब्रेकर (MCB) लगाना
electrical-panels,rcd-installation,Piece,None,3000,5000,8000,Residual current device installation,Պաշտպանական անջատման սարքի տեղադրում,Установка УЗО,تركيب قاطع التيار المتبقي,نصب کلید محافظ جان,RCCB लगाना
electrical-repair,electrical-fault-diagnosis,Fixed,None,5000,8000,15000,Electrical fault diagnosis,Էլեկտրական անսարքության ախտորոշում,Диагностика неисправности электропроводки,تشخيص الأعطال الكهربائية,عیب‌یابی برق,बिजली की खराबी की जांच
electrical-solar,solar-panel-installation,Piece,None,8000,12000,20000,"Solar panel installation, per panel","Արևային վահանակի տեղադրում, 1 վահանակի համար","Монтаж солнечной панели, за панель",تركيب الألواح الشمسية، لكل لوح,نصب پنل خورشیدی، به ازای هر پنل,"सोलर पैनल लगाना, प्रति पैनल"
electrical-solar,solar-inverter-installation,Piece,None,20000,35000,60000,Solar inverter installation,Արևային ինվերտորի տեղադրում,Установка солнечного инвертора,تركيب عاكس شمسي,نصب اینورتر خورشیدی,सोलर इन्वर्टर लगाना
electrical-generators,generator-installation,Piece,None,20000,40000,70000,Generator installation,Գեներատորի տեղադրում,Установка генератора,تركيب مولد كهربائي,نصب ژنراتور,जनरेटर लगाना
electrical-generators,ups-installation,Piece,None,8000,15000,25000,UPS installation,Անխափան սնուցման սարքի (UPS) տեղադրում,Установка ИБП,تركيب جهاز UPS,نصب یو‌پی‌اس (UPS),UPS लगाना
electrical-ev-chargers,ev-charger-installation,Piece,None,30000,50000,80000,Electric vehicle charger installation,Էլեկտրամեքենայի լիցքավորման կայանի տեղադրում,Установка зарядной станции для электромобиля,تركيب شاحن سيارة كهربائية,نصب شارژر خودروی برقی,इलेक्ट्रिक वाहन चार्जर लगाना
facade-stone,facade-tuff-cladding,SquareMeter,Wall,8000,12000,18000,Facade cladding with tuff,Ճակատի երեսպատում տուֆով,Облицовка фасада туфом,تكسية الواجهة بالتوف,نماسازی با سنگ توف,टफ़ पत्थर से फ़साड क्लैडिंग
facade-stone,facade-basalt-cladding,SquareMeter,Wall,10000,14000,20000,Facade cladding with basalt,Ճակատի երեսպատում բազալտով,Облицовка фасада базальтом,تكسية الواجهة بالبازلت,نماسازی با سنگ بازالت,बेसाल्ट पत्थर से फ़साड क्लैडिंग
facade-plaster,facade-plastering,SquareMeter,Wall,3000,4500,6500,Facade plastering,Ճակատի սվաղում,Штукатурка фасада,لياسة الواجهة,اندود نما,फ़साड पर प्लास्टर
facade-plaster,facade-painting,SquareMeter,Wall,1500,2500,4000,Facade painting,Ճակատի ներկում,Покраска фасада,دهان الواجهة,رنگ‌آمیزی نما,फ़साड पेंटिंग
facade-ventilated,ventilated-facade-installation,SquareMeter,Wall,6000,9000,14000,Ventilated facade installation,Օդափոխվող ճակատի տեղադրում,Монтаж вентилируемого фасада,تركيب واجهة مهواة,اجرای نمای خشک (نمای تهویه‌دار),वेंटिलेटेड फ़साड लगाना
facade-composite,composite-panel-cladding,SquareMeter,Wall,6000,8000,12000,Composite panel cladding,Կոմպոզիտային պանելներով երեսպատում,Облицовка композитными панелями,تكسية بألواح الكومبوزيت,نماسازی با پنل کامپوزیت,कम्पोज़िट पैनल (ACP) क्लैडिंग
facade-composite,siding-installation,SquareMeter,Wall,3000,4500,6500,Siding installation,Սայդինգի տեղադրում,Монтаж сайдинга,تركيب السايدنج,نصب سایدینگ,साइडिंग लगाना
facade-insulation,facade-insulation-plaster,SquareMeter,Wall,4000,6000,9000,Facade insulation with plaster finish,Ճակատի ջերմամեկուսացում սվաղային հարդարմամբ,Утепление фасада с отделкой штукатуркой,عزل الواجهة مع تشطيب باللياسة,عایق‌کاری نما با پوشش اندود,प्लास्टर फ़िनिश के साथ फ़साड इंसुलेशन
facade-restoration,facade-stone-restoration,SquareMeter,Wall,3000,5000,8000,Facade stone cleaning and restoration,Ճակատի քարի մաքրում և վերականգնում,Очистка и реставрация камня фасада,تنظيف حجر الواجهة وترميمه,شست‌وشو و مرمت سنگ نما,फ़साड पत्थर की सफ़ाई और मरम्मत
facade-restoration,facade-joint-repair,RunningMeter,None,1500,2500,4000,Facade joint repair,Ճակատի կարերի վերանորոգում,Ремонт швов фасада,إصلاح فواصل الواجهة,ترمیم درزهای نما,फ़साड जॉइंट की मरम्मत
facade-rope-access,rope-access-work,Hour,None,6000,9000,15000,Rope access work,Արդյունաբերական ալպինիզմի աշխատանքներ,Работы методом промышленного альпинизма,أعمال على الحبال في المرتفعات,کار با طناب در ارتفاع,रोप एक्सेस कार्य
facade-rope-access,panel-joint-sealing,RunningMeter,None,1500,2500,4000,Sealing building panel joints at height,Շենքի միջպանելային կարերի հերմետիկացում բարձրության վրա,Герметизация межпанельных швов на высоте,عزل فواصل ألواح المبنى على ارتفاع,درزگیری پانل‌های ساختمان در ارتفاع,ऊंचाई पर बिल्डिंग पैनल जॉइंट की सीलिंग
cleaning-regular,regular-cleaning,SquareMeter,Floor,150,200,300,Regular cleaning,Պարբերական մաքրություն,Регулярная уборка,تنظيف دوري,نظافت دوره‌ای,नियमित सफ़ाई
cleaning-regular,hourly-cleaning,Hour,None,2000,2500,3500,Cleaning by the hour,Ժամավճարով մաքրություն,Почасовая уборка,تنظيف بالساعة,نظافت ساعتی,घंटे के हिसाब से सफ़ाई
cleaning-deep,deep-cleaning,SquareMeter,Floor,300,450,650,Deep cleaning,Գլխավոր մաքրություն,Генеральная уборка,تنظيف عميق,نظافت عمیق,डीप क्लीनिंग
cleaning-after-renovation,post-renovation-cleaning,SquareMeter,Floor,400,600,900,Cleaning after renovation,Վերանորոգումից հետո մաքրություն,Уборка после ремонта,تنظيف بعد التجديد,نظافت پس از بازسازی,रेनोवेशन के बाद सफ़ाई
cleaning-windows,window-cleaning,SquareMeter,None,300,500,800,"Window cleaning, per m² of glass","Պատուհանների լվացում, ապակու 1 մ²-ի համար","Мойка окон, за м² остекления",تنظيف النوافذ، لكل m² من الزجاج,نظافت پنجره، به ازای هر m² شیشه,"खिड़की की सफ़ाई, प्रति m² कांच"
cleaning-upholstery,sofa-cleaning,Piece,None,3000,4500,7000,"Sofa cleaning, per seat","Բազմոցի քիմմաքրում, 1 նստատեղի համար","Химчистка дивана, за посадочное место",تنظيف الكنب، لكل مقعد,شست‌وشوی مبل، به ازای هر نفر,"सोफ़ा क्लीनिंग, प्रति सीट"
cleaning-upholstery,mattress-cleaning,Piece,None,5000,8000,12000,Mattress cleaning,Ներքնակի քիմմաքրում,Химчистка матраса,تنظيف المراتب,شست‌وشوی تشک,गद्दे की सफ़ाई
cleaning-upholstery,chair-cleaning,Piece,None,1000,1500,2500,Upholstered chair cleaning,Փափուկ աթոռի քիմմաքրում,Химчистка мягкого стула,تنظيف الكراسي المنجدة,شست‌وشوی صندلی پارچه‌ای,गद्दीदार कुर्सी की सफ़ाई
cleaning-carpets,carpet-cleaning,SquareMeter,None,800,1200,1800,Carpet cleaning,Գորգերի լվացում,Стирка ковров,تنظيف السجاد,قالیشویی,कालीन की सफ़ाई
cleaning-carpets,carpet-cleaning-at-home,SquareMeter,None,1000,1500,2500,Carpet cleaning at home,Գորգերի մաքրում տանը,Химчистка ковров на дому,تنظيف السجاد في المنزل,شست‌وشوی فرش در منزل,घर पर कालीन की सफ़ाई
cleaning-offices,office-cleaning,SquareMeter,Floor,150,250,400,Office cleaning,Գրասենյակի մաքրություն,Уборка офиса,تنظيف المكاتب,نظافت دفتر کار,ऑफ़िस की सफ़ाई
cleaning-move,move-cleaning,SquareMeter,Floor,300,450,700,Move-in or move-out cleaning,Մաքրություն տեղափոխվելուց առաջ կամ հետո,Уборка при переезде,تنظيف عند الانتقال إلى المسكن أو مغادرته,نظافت هنگام اسباب‌کشی,शिफ़्टिंग से पहले या बाद की सफ़ाई
cleaning-facades,glass-facade-cleaning,SquareMeter,Wall,500,800,1300,Glass facade cleaning,Ապակե ճակատի լվացում,Мойка стеклянного фасада,تنظيف الواجهات الزجاجية,نظافت نمای شیشه‌ای,ग्लास फ़साड की सफ़ाई
cleaning-disinfection,disinfection,SquareMeter,Floor,150,250,400,Disinfection,Ախտահանում,Дезинфекция,تعقيم,ضدعفونی,डिसइन्फ़ेक्शन (कीटाणुशोधन)
cleaning-disinfection,pest-control,Fixed,None,15000,25000,40000,Pest control treatment of an apartment,Բնակարանի միջատազերծում,Дезинсекция квартиры,مكافحة الحشرات في الشقة,سم‌پاشی آپارتمان,अपार्टमेंट में पेस्ट कंट्रोल
cleaning-kitchens,oven-cleaning,Piece,None,5000,8000,12000,Oven cleaning,Ջեռոցի մաքրում,Чистка духовки,تنظيف الفرن,تمیز کردن فر,ओवन की सफ़ाई
cleaning-kitchens,hood-cleaning,Piece,None,5000,7000,10000,Kitchen hood cleaning,Խոհանոցային օդաքաշի մաքրում,Чистка кухонной вытяжки,تنظيف شفاط المطبخ,تمیز کردن هود آشپزخانه,किचन चिमनी की सफ़ाई
cleaning-kitchens,fridge-cleaning,Piece,None,4000,6000,9000,Fridge cleaning,Սառնարանի մաքրում,Мойка холодильника,تنظيف الثلاجة,تمیز کردن یخچال,फ़्रिज की सफ़ाई
cleaning-yard,yard-cleaning,SquareMeter,None,200,350,600,Yard cleaning,Բակի մաքրում,Уборка двора,تنظيف الفناء,نظافت حیاط,आंगन की सफ़ाई
roofing-new,pitched-roof-installation,SquareMeter,None,4000,6000,9000,Pitched roof installation,Թեք տանիքի տեղադրում,Монтаж скатной кровли,تنفيذ سقف مائل,اجرای سقف شیب‌دار,ढलवां छत का निर्माण
roofing-new,roof-truss-framing,SquareMeter,None,3000,4500,7000,Roof truss framing,Տանիքի հեծանային համակարգի տեղադրում,Монтаж стропильной системы,تركيب هيكل جملونات السقف,اجرای خرپای سقف,छत के ट्रस फ़्रेम का निर्माण
roofing-repair,roof-repair,SquareMeter,None,3000,5000,8000,Roof repair,Տանիքի վերանորոգում,Ремонт кровли,إصلاح السقف,تعمیر بام,छत की मरम्मत
roofing-repair,roof-leak-repair,Fixed,None,15000,30000,50000,Roof leak repair,Տանիքի կաթոցի վերացում,Устранение протечки кровли,إصلاح تسرب السقف,رفع نشتی بام,छत के लीकेज की मरम्मत
roofing-metal,metal-tile-roofing,SquareMeter,None,2500,3500,5000,Metal tile roofing,Մետաղական կղմինդրով տանիքածածկ,Кровля из металлочерепицы,تسقيف بالقرميد المعدني,پوشش بام با شینگل فلزی,मेटल टाइल रूफ़िंग
roofing-metal,profiled-sheet-roofing,SquareMeter,None,2000,3000,4500,Profiled sheet roofing,Պրոֆնաստիլով տանիքածածկ,Кровля из профнастила,تسقيف بالصاج المضلع,پوشش بام با ورق ذوزنقه‌ای,प्रोफ़ाइल शीट रूफ़िंग
roofing-flat,flat-roof-membrane,SquareMeter,None,2500,3500,5500,Flat roof membrane waterproofing,Հարթ տանիքի ջրամեկուսացում մեմբրանով,Мембранная гидроизоляция плоской кровли,عزل السطح المستوي بالأغشية,عایق‌کاری بام تخت با ممبران,सपाट छत की मेम्ब्रेन वॉटरप्रूफ़िंग
roofing-flat,flat-roof-bitumen,SquareMeter,None,2000,3000,4500,Flat roof bitumen waterproofing,Հարթ տանիքի ջրամեկուսացում բիտումով,Битумная гидроизоляция плоской кровли,عزل السطح المستوي بالبيتومين,عایق‌کاری بام تخت با قیر,सपाट छत की बिटुमेन वॉटरप्रूफ़िंग
roofing-gutters,gutter-installation,RunningMeter,None,1500,2500,4000,Gutter installation,Ջրհորդանի տեղադրում,Монтаж водосточного желоба,تركيب المزاريب,نصب ناودان افقی,रेन गटर लगाना
roofing-gutters,downpipe-installation,RunningMeter,None,1500,2200,3500,Downpipe installation,Ջրահեռացման խողովակի տեղադրում,Монтаж водосточной трубы,تركيب أنابيب تصريف مياه الأمطار,نصب ناودان عمودی,बारिश के पानी का डाउनपाइप लगाना
roofing-gutters,gutter-cleaning,RunningMeter,None,300,500,800,Gutter cleaning,Ջրհորդանների մաքրում,Чистка водостоков,تنظيف المزاريب,تمیز کردن ناودان,रेन गटर की सफ़ाई
roofing-attic,attic-conversion-finishing,SquareMeter,Floor,10000,15000,25000,Attic conversion finishing,Ձեղնահարկի վերափոխում և հարդարում,Отделка мансарды,تشطيب العلية لتحويلها إلى مساحة سكنية,نازک‌کاری و تبدیل زیرشیروانی,अटारी को रहने लायक बनाने की फ़िनिशिंग
roofing-attic,roof-window-installation,Piece,None,25000,40000,60000,Roof window installation,Տանիքի պատուհանի տեղադրում,Установка мансардного окна,تركيب نافذة سقفية,نصب پنجره سقفی,छत की खिड़की (स्काईलाइट) लगाना
windows-pvc,pvc-window-installation,SquareMeter,None,4000,6000,9000,"uPVC window installation, per m²","Մետաղապլաստե պատուհանի տեղադրում, 1 մ²-ի համար","Установка металлопластиковых окон, за м²",تركيب نوافذ uPVC، لكل m²,نصب پنجره UPVC، به ازای هر m²,"uPVC खिड़की लगाना, प्रति m²"
windows-pvc,window-sill-installation,RunningMeter,None,2000,3000,5000,Window sill installation,Պատուհանագոգի տեղադրում,Установка подоконника,تركيب عتبة النافذة,نصب سنگ زیر پنجره,खिड़की की सिल लगाना
windows-pvc,window-reveal-finishing,RunningMeter,None,3000,4500,7000,Window reveal finishing,Պատուհանի թեքությունների հարդարում,Отделка оконных откосов,تشطيب جوانب فتحة النافذة,نازک‌کاری کناره‌های پنجره,खिड़की के किनारों की फ़िनिशिंग
windows-aluminium,aluminium-window-installation,SquareMeter,None,5000,7000,10000,"Aluminium window installation, per m²","Ալյումինե պատուհանի տեղադրում, 1 մ²-ի համար","Установка алюминиевых окон, за м²",تركيب نوافذ ألمنيوم، لكل m²,نصب پنجره آلومینیومی، به ازای هر m²,"एल्युमिनियम खिड़की लगाना, प्रति m²"
windows-aluminium,glass-partition-installation,SquareMeter,None,6000,9000,14000,Glass partition installation,Ապակե միջնապատի տեղադրում,Монтаж стеклянной перегородки,تركيب فاصل زجاجي,نصب پارتیشن شیشه‌ای,ग्लास पार्टिशन लगाना
windows-balcony,balcony-glazing,SquareMeter,None,5000,7000,10000,Balcony glazing,Պատշգամբի ապակեպատում,Остекление балкона,تزجيج الشرفة,پوشش شیشه‌ای بالکن,बालकनी में ग्लास लगाना
doors-interior,interior-door-installation,Piece,None,10000,15000,22000,Interior door installation,Միջսենյակային դռան տեղադրում,Установка межкомнатной двери,تركيب باب داخلي,نصب درب داخلی,अंदरूनी दरवाज़ा लगाना
doors-interior,sliding-door-installation,Piece,None,15000,22000,35000,Sliding door installation,Սահող դռան տեղադրում,Установка раздвижной двери,تركيب باب منزلق,نصب درب کشویی,स्लाइडिंग दरवाज़ा लगाना
doors-entrance,entrance-door-installation,Piece,None,15000,22000,35000,Entrance door installation,Մուտքի դռան տեղադրում,Установка входной двери,تركيب باب المدخل,نصب درب ورودی,मुख्य दरवाज़ा लगाना
windows-repair,window-adjustment,Piece,None,3000,5000,8000,Window or door adjustment,Պատուհանի կամ դռան կարգավորում,Регулировка окон или дверей,ضبط النوافذ أو الأبواب,رگلاژ پنجره یا درب,खिड़की या दरवाज़े का एडजस्टमेंट
windows-repair,window-seal-replacement,RunningMeter,None,800,1200,2000,Window seal replacement,Պատուհանի ռետինե միջադիրի փոխարինում,Замена уплотнителя окна,استبدال جوان النافذة,تعویض نوار درزگیر پنجره,खिड़की की सील बदलना
windows-blinds,blinds-installation,Piece,None,3000,5000,8000,Blinds installation,Շերտավարագույրների տեղադրում,Установка жалюзи,تركيب الستائر (البلايند),نصب پرده کرکره‌ای,ब्लाइंड्स लगाना
windows-blinds,roller-shutter-installation,SquareMeter,None,5000,8000,12000,Roller shutter installation,Ռոլետների տեղադրում,Установка рольставней,تركيب الشيش الدوار (الرول),نصب کرکره رول,रोलर शटर लगाना
doors-garage,garage-door-installation,Piece,None,50000,80000,130000,Garage door installation,Ավտոտնակի դարպասի տեղադրում,Установка гаражных ворот,تركيب باب المرآب,نصب درب گاراژ,गैराज का दरवाज़ा लगाना
doors-garage,gate-automation-installation,Piece,None,30000,50000,80000,Gate automation installation,Դարպասի ավտոմատիկայի տեղադրում,Установка автоматики для ворот,تركيب نظام فتح البوابة الآلي,نصب سیستم بازکن خودکار درب حیاط,गेट ऑटोमेशन लगाना
hvac-ac-installation,ac-installation-standard,Piece,None,25000,30000,40000,"Split air conditioner installation (up to 12,000 BTU)",Սպլիտ օդորակիչի տեղադրում (մինչև 12 000 BTU),Установка сплит-системы (до 12 000 BTU),"تركيب مكيف سبليت (حتى 12,000 BTU)","نصب کولر گازی اسپلیت (تا 12,000 BTU)","स्प्लिट एसी लगाना (12,000 BTU तक)"
hvac-ac-installation,ac-installation-large,Piece,None,35000,45000,60000,"Split air conditioner installation (18,000 BTU and more)",Սպլիտ օդորակիչի տեղադրում (18 000 BTU և ավելի),Установка сплит-системы (от 18 000 BTU),"تركيب مكيف سبليت (18,000 BTU فأكثر)","نصب کولر گازی اسپلیت (18,000 BTU و بیشتر)","स्प्लिट एसी लगाना (18,000 BTU और ज़्यादा)"
hvac-ac-installation,ac-extra-pipe-route,RunningMeter,None,4000,6000,9000,Extra air conditioner pipe route,Օդորակիչի լրացուցիչ խողովակաշար,Дополнительная трасса кондиционера,تمديد إضافي لأنابيب المكيف,لوله‌کشی اضافه کولر گازی,एसी की अतिरिक्त पाइपिंग
hvac-ac-installation,ac-dismantling,Piece,None,8000,12000,18000,Air conditioner dismantling,Օդորակիչի ապամոնտաժում,Демонтаж кондиционера,فك المكيف,باز کردن کولر گازی,एसी उतारना (डिसमेंटलिंग)
hvac-ac-service,ac-cleaning,Piece,None,8000,12000,18000,Air conditioner cleaning,Օդորակիչի մաքրում,Чистка кондиционера,تنظيف المكيف,سرویس و شست‌وشوی کولر گازی,एसी की सफ़ाई
hvac-ac-service,ac-refrigerant-refill,Piece,None,10000,15000,25000,Air conditioner refrigerant refill,Օդորակիչի ֆրեոնի լիցքավորում,Заправка кондиционера фреоном,تعبئة غاز التبريد للمكيف,شارژ گاز کولر گازی,एसी गैस रीफ़िलिंग
hvac-ventilation,ventilation-duct-installation,RunningMeter,None,3000,5000,8000,Ventilation duct installation,Օդափոխության օդատարի տեղադրում,Монтаж вентиляционного воздуховода,تركيب مجاري التهوية,نصب کانال تهویه,वेंटिलेशन डक्ट लगाना
hvac-ventilation,exhaust-fan-installation,Piece,None,4000,6000,10000,Exhaust fan installation,Արտածծող օդափոխիչի տեղադրում,Установка вытяжного вентилятора,تركيب مروحة شفط,نصب هواکش,एग्ज़ॉस्ट फ़ैन लगाना
hvac-hoods,kitchen-hood-installation,Piece,None,6000,10000,15000,Kitchen hood installation,Խոհանոցային օդաքաշի տեղադրում,Установка кухонной вытяжки,تركيب شفاط المطبخ,نصب هود آشپزخانه,किचन चिमनी लगाना
hvac-heat-recovery,heat-recovery-unit-installation,Piece,None,25000,40000,70000,Heat recovery ventilation unit installation,Ռեկուպերացիայով օդափոխության սարքի տեղադրում,Установка вентиляционной установки с рекуперацией,تركيب وحدة تهوية مع استرجاع الحرارة,نصب دستگاه تهویه با بازیافت حرارت,हीट रिकवरी वेंटिलेशन यूनिट लगाना
insulation-thermal,interior-wall-insulation,SquareMeter,Wall,2500,3500,5500,Interior wall insulation,Պատերի ներքին ջերմամեկուսացում,Утепление стен изнутри,عزل الجدران من الداخل,عایق‌کاری دیوار از داخل,अंदरूनी दीवार का इंसुलेशन
insulation-thermal,floor-insulation,SquareMeter,Floor,1500,2500,4000,Floor insulation,Հատակի ջերմամեկուսացում,Утепление пола,عزل الأرضيات,عایق‌کاری کف,फ़र्श का इंसुलेशन
insulation-roof,roof-insulation,SquareMeter,Ceiling,2000,3000,4500,Roof insulation,Տանիքի ջերմամեկուսացում,Утепление кровли,عزل السقف,عایق‌کاری بام,छत का इंसुलेशन
insulation-waterproofing,bathroom-waterproofing,SquareMeter,Floor,1500,2500,4000,Bathroom waterproofing,Լոգասենյակի ջրամեկուսացում,Гидроизоляция ванной комнаты,عزل الحمام ضد الماء,عایق‌کاری رطوبتی حمام,बाथरूम वॉटरप्रूफ़िंग
insulation-waterproofing,basement-waterproofing,SquareMeter,Wall,3000,5000,8000,Basement waterproofing,Նկուղի ջրամեկուսացում,Гидроизоляция подвала,عزل القبو ضد الماء,عایق‌کاری رطوبتی زیرزمین,बेसमेंट वॉटरप्रूफ़िंग
insulation-waterproofing,balcony-waterproofing,SquareMeter,Floor,2500,4000,6000,Balcony waterproofing,Պատշգամբի ջրամեկուսացում,Гидроизоляция балкона,عزل الشرفة ضد الماء,عایق‌کاری رطوبتی بالکن,बालकनी वॉटरप्रूफ़िंग
insulation-sound,wall-soundproofing,SquareMeter,Wall,3000,4500,7000,Wall soundproofing,Պատերի ձայնամեկուսացում,Шумоизоляция стен,عزل الجدران صوتياً,عایق‌کاری صوتی دیوار,दीवार की साउंडप्रूफ़िंग
insulation-sound,ceiling-soundproofing,SquareMeter,Ceiling,3500,5000,8000,Ceiling soundproofing,Առաստաղի ձայնամեկուսացում,Шумоизоляция потолка,عزل الأسقف صوتياً,عایق‌کاری صوتی سقف,छत की साउंडप्रूफ़िंग
insulation-spray-foam,spray-foam-insulation,SquareMeter,Wall,3000,4500,7000,Spray foam insulation,Փրփուրի փոշեցմամբ ջերմամեկուսացում,Утепление напылением ППУ,عزل بالرغوة المرشوشة,عایق‌کاری با فوم پاششی,स्प्रे फ़ोम इंसुलेशन
metalwork-railings,stair-railing,RunningMeter,None,10000,18000,30000,Stair railing fabrication and installation,Աստիճանի բազրիքի պատրաստում և տեղադրում,Изготовление и монтаж лестничных перил,تصنيع درابزين الدرج وتركيبه,ساخت و نصب نرده پله,सीढ़ी की रेलिंग बनाना और लगाना
metalwork-railings,balcony-railing,RunningMeter,None,12000,20000,35000,Balcony railing fabrication and installation,Պատշգամբի բազրիքի պատրաստում և տեղադրում,Изготовление и монтаж балконного ограждения,تصنيع درابزين الشرفة وتركيبه,ساخت و نصب نرده بالکن,बालकनी की रेलिंग बनाना और लगाना
metalwork-gates-fences,metal-fence-installation,RunningMeter,None,6000,10000,16000,Metal fence installation,Մետաղական ցանկապատի տեղադրում,Установка металлического забора,تركيب سياج معدني,نصب حصار فلزی,मेटल फ़ेंसिंग लगाना
metalwork-gates-fences,metal-gate-fabrication,Piece,None,60000,100000,180000,Metal gate fabrication and installation,Մետաղական դարպասի պատրաստում և տեղադրում,Изготовление и установка металлических ворот,تصنيع بوابة معدنية وتركيبها,ساخت و نصب درب فلزی,लोहे का गेट बनाना और लगाना
metalwork-structures,steel-frame-structure,SquareMeter,Floor,8000,12000,20000,"Steel frame structure, per m²","Պողպատե կարկասային կոնստրուկցիա, 1 մ²-ի համար","Металлокаркас, за м²",هيكل فولاذي، لكل m²,سازه اسکلت فلزی، به ازای هر m²,"स्टील फ़्रेम स्ट्रक्चर, प्रति m²"
metalwork-structures,steel-beam-installation,RunningMeter,None,5000,8000,12000,Steel beam installation,Պողպատե հեծանի տեղադրում,Монтаж стальной балки,تركيب جسور فولاذية,نصب تیرآهن,स्टील बीम लगाना
metalwork-canopies,canopy-installation,SquareMeter,None,6000,9000,14000,Canopy or carport installation,Ծածկի կամ ավտոծածկի տեղադրում,Монтаж навеса или автонавеса,تركيب مظلة أو مظلة سيارات,نصب سایبان یا سایبان خودرو,कैनोपी या कार शेड लगाना
metalwork-welding,welding-work,Hour,None,4000,6000,9000,Welding work,Եռակցման աշխատանքներ,Сварочные работы,أعمال اللحام,جوشکاری,वेल्डिंग का काम
metalwork-forging,forged-railing,RunningMeter,None,20000,35000,60000,Forged railing,Դարբնոցային բազրիք,Кованые перила,درابزين من الحديد المشغول,نرده فرفورژه,फ़ोर्ज्ड (रॉट आयरन) रेलिंग
metalwork-window-grilles,window-grille-installation,SquareMeter,None,8000,12000,18000,Window grille fabrication and installation,Պատուհանի ճաղավանդակի պատրաստում և տեղադրում,Изготовление и установка решёток на окна,تصنيع حماية النوافذ وتركيبها,ساخت و نصب حفاظ پنجره,खिड़की की ग्रिल बनाना और लगाना
carpentry-kitchens,kitchen-cabinet-installation,RunningMeter,None,8000,12000,18000,Kitchen cabinet installation,Խոհանոցային կահույքի տեղադրում,Установка кухонного гарнитура,تركيب خزائن المطبخ,نصب کابینت آشپزخانه,किचन कैबिनेट लगाना
carpentry-wardrobes,built-in-wardrobe-installation,RunningMeter,None,6000,10000,15000,Built-in wardrobe installation,Ներկառուցված զգեստապահարանի տեղադրում,Установка встроенного шкафа,تركيب خزانة ملابس مدمجة,نصب کمد دیواری,बिल्ट-इन वार्डरोब लगाना
carpentry-assembly,furniture-assembly,Hour,None,3000,4000,6000,Furniture assembly,Կահույքի հավաքում,Сборка мебели,تجميع الأثاث,مونتاژ مبلمان,फ़र्नीचर असेंबली
carpentry-assembly,bed-assembly,Piece,None,6000,9000,14000,Bed assembly,Մահճակալի հավաքում,Сборка кровати,تجميع السرير,مونتاژ تخت خواب,बेड असेंबली
carpentry-assembly,wardrobe-assembly,Piece,None,8000,12000,20000,Wardrobe assembly,Զգեստապահարանի հավաքում,Сборка шкафа,تجميع خزانة الملابس,مونتاژ کمد لباس,अलमारी असेंबली
carpentry-furniture-repair,furniture-repair,Hour,None,4000,6000,9000,Furniture repair,Կահույքի վերանորոգում,Ремонт мебели,إصلاح الأثاث,تعمیر مبلمان,फ़र्नीचर की मरम्मत
carpentry-furniture-repair,chair-reupholstery,Piece,None,8000,12000,20000,Chair reupholstery,Աթոռի վերապաստառում,Перетяжка стула,إعادة تنجيد الكراسي,رویه‌کوبی مجدد صندلی,कुर्सी की दोबारा अपहोल्स्ट्री
carpentry-furniture-repair,sofa-reupholstery,Piece,None,40000,60000,100000,Sofa reupholstery,Բազմոցի վերապաստառում,Перетяжка дивана,إعادة تنجيد الكنب,رویه‌کوبی مجدد مبل,सोफ़े की दोबारा अपहोल्स्ट्री
carpentry-wooden-stairs,wooden-step-cladding,Piece,None,10000,15000,25000,Wooden cladding of a stair step,Աստիճանի փայտե երեսպատում,Облицовка ступени деревом,تكسية درجة السلم بالخشب,روکش چوبی پله,सीढ़ी के स्टेप पर लकड़ी की क्लैडिंग
carpentry-wooden-stairs,wooden-staircase,Piece,None,20000,30000,50000,"Wooden staircase, per step","Փայտե աստիճանավանդակ, 1 աստիճանի համար","Деревянная лестница, за ступень",درج خشبي، لكل درجة,پله چوبی، به ازای هر پله,"लकड़ी की सीढ़ी, प्रति स्टेप"
carpentry-wooden-structures,wooden-deck,SquareMeter,Floor,6000,9000,14000,Wooden deck,Փայտե տերասային հատակ,Деревянный настил для террасы,أرضية خشبية خارجية (ديك),دک چوبی,लकड़ी का डेक
carpentry-wooden-structures,gazebo-construction,SquareMeter,Floor,15000,25000,40000,Gazebo construction,Տաղավարի (բեսեդկայի) կառուցում,Строительство беседки,بناء كشك حديقة,ساخت آلاچیق,गज़ेबो निर्माण
carpentry-countertops,countertop-installation,RunningMeter,None,5000,8000,12000,Countertop installation,Սեղանի երեսի տեղադրում,Установка столешницы,تركيب سطح العمل,نصب صفحه کابینت,काउंटरटॉप लगाना
carpentry-countertops,countertop-cutout,Piece,None,3000,5000,8000,Sink or hob cutout in a countertop,Սեղանի երեսին լվացարանի կամ սալօջախի համար անցքի բացում,Вырез под мойку или варочную панель в столешнице,قص فتحة للمغسلة أو الموقد في سطح العمل,برش جای سینک یا گاز روی صفحه کابینت,काउंटरटॉप में सिंक या हॉब के लिए कटआउट
earthworks-excavation,manual-excavation,CubicMeter,None,6000,9000,14000,Manual excavation,Հողի ձեռքով փորում,Ручная выемка грунта,حفر يدوي,خاکبرداری دستی,हाथ से खुदाई
earthworks-excavation,machine-excavation,CubicMeter,None,1500,2500,4000,Machine excavation,Հողի մեքենայական փորում,Механизированная выемка грунта,حفر بالآليات,خاکبرداری با ماشین‌آلات,मशीन से खुदाई
earthworks-demolition,wall-demolition,SquareMeter,Wall,2000,3500,6000,Wall demolition,Պատի քանդում,Демонтаж стены,هدم الجدران,تخریب دیوار,दीवार तोड़ना
earthworks-demolition,concrete-demolition,CubicMeter,None,15000,25000,40000,Concrete demolition,Բետոնի քանդում,Демонтаж бетона,هدم الخرسانة,تخریب بتن,कंक्रीट तोड़ना
earthworks-demolition,screed-demolition,SquareMeter,Floor,1000,1800,3000,Screed demolition,Հատակի լցահարթեցման (ստյաժկայի) քանդում,Демонтаж стяжки,إزالة صبة التسوية,تخریب کف‌سازی (اسکرید),स्क्रीड तोड़ना
earthworks-waste-removal,waste-removal-truck,Fixed,None,15000,25000,40000,"Construction waste removal, per truck","Շինաղբի դուրսբերում, 1 մեքենայի համար","Вывоз строительного мусора, за машину",نقل مخلفات البناء، لكل شاحنة,حمل نخاله ساختمانی، به ازای هر کامیون,"निर्माण मलबा हटाना, प्रति ट्रक"
earthworks-waste-removal,waste-bag-carrying,Piece,None,200,400,700,"Carrying waste bags down, per bag","Աղբի պարկերի իջեցում, 1 պարկի համար","Спуск мешков с мусором, за мешок",إنزال أكياس المخلفات، لكل كيس,پایین آوردن کیسه نخاله، به ازای هر کیسه,"मलबे के बोरे नीचे उतारना, प्रति बोरा"
earthworks-concrete-cutting,concrete-wall-cutting,RunningMeter,None,8000,12000,20000,Concrete wall cutting,Բետոնե պատի կտրում,Резка бетонной стены,قص الجدران الخرسانية,برش دیوار بتنی,कंक्रीट की दीवार काटना
earthworks-concrete-cutting,diamond-core-drilling,Piece,None,3000,6000,10000,"Diamond core drilling, per hole","Ալմաստե հորատում, 1 անցքի համար","Алмазное сверление, за отверстие",ثقب بالمثقاب الماسي، لكل ثقب,کرگیری الماسه، به ازای هر سوراخ,"डायमंड कोर ड्रिलिंग, प्रति छेद"
earthworks-equipment,excavator-rental,Hour,None,12000,15000,20000,Excavator with operator,Էքսկավատոր օպերատորով,Экскаватор с оператором,حفارة مع مشغل,بیل مکانیکی با اپراتور,ऑपरेटर के साथ एक्सकेवेटर (JCB)
earthworks-equipment,crane-rental,Hour,None,15000,20000,30000,Crane with operator,Կռունկ օպերատորով,Кран с оператором,رافعة مع مشغل,جرثقیل با اپراتور,ऑपरेटर के साथ क्रेन
earthworks-septic,septic-tank-installation,Piece,None,80000,150000,250000,Septic tank installation,Սեպտիկ հորի տեղադրում,Установка септика,تركيب خزان صرف صحي (بيارة),نصب سپتیک تانک,सेप्टिक टैंक लगाना
earthworks-septic,drainage-installation,RunningMeter,None,3000,5000,8000,Drainage installation,Դրենաժային համակարգի տեղադրում,Монтаж дренажа,تنفيذ نظام تصريف المياه,اجرای سیستم زهکشی,ड्रेनेज सिस्टम लगाना
earthworks-wells,well-drilling,RunningMeter,None,10000,15000,25000,"Well drilling, per metre of depth","Հորատանցքի հորատում, խորության 1 մետրի համար","Бурение скважины, за метр глубины",حفر الآبار، لكل متر عمق,حفر چاه، به ازای هر متر عمق,"बोरवेल खुदाई, प्रति मीटर गहराई"
landscaping-design,landscape-design,SquareMeter,None,500,1000,2000,"Landscape design, per m² of site","Լանդշաֆտային դիզայն, տարածքի 1 մ²-ի համար","Ландшафтный дизайн, за м² участка",تصميم المناظر الطبيعية، لكل m² من الموقع,طراحی محوطه، به ازای هر m² زمین,"लैंडस्केप डिज़ाइन, प्रति m² साइट"
landscaping-paving,paving-installation,SquareMeter,None,4000,6000,9000,Paving stone installation,Սալահատակի տեղադրում,Укладка тротуарной плитки,تركيب بلاط الأرصفة (الإنترلوك),سنگ‌فرش محوطه,पेवर ब्लॉक लगाना
landscaping-paving,curb-installation,RunningMeter,None,2000,3000,5000,Curb installation,Եզրաքարի տեղադրում,Установка бордюра,تركيب حجر الرصيف (البردورة),جدول‌گذاری,कर्ब स्टोन लगाना
landscaping-lawns,lawn-seeding,SquareMeter,None,800,1200,2000,Lawn seeding,Սիզամարգի ցանում,Посев газона,زراعة بذور العشب,کاشت بذر چمن,लॉन के लिए घास के बीज बोना
landscaping-lawns,turf-laying,SquareMeter,None,1000,1500,2500,Turf laying,Գլանափաթեթային սիզամարգի փռում,Укладка рулонного газона,فرش العشب الجاهز,نصب چمن رولی,रेडीमेड घास (टर्फ़) बिछाना
landscaping-lawns,tree-planting,Piece,None,3000,5000,8000,Tree or shrub planting,Ծառի կամ թփի տնկում,Посадка деревьев или кустарников,زراعة الأشجار أو الشجيرات,کاشت درخت یا درختچه,पेड़ या झाड़ी लगाना
landscaping-lawns,lawn-mowing,SquareMeter,None,50,100,150,Lawn mowing,Սիզամարգի խուզում,Стрижка газона,قص العشب,چمن‌زنی,लॉन की घास काटना
landscaping-irrigation,irrigation-system-installation,SquareMeter,None,1500,2500,4000,"Irrigation system installation, per m² of site","Ոռոգման համակարգի տեղադրում, տարածքի 1 մ²-ի համար","Монтаж системы полива, за м² участка",تركيب نظام الري، لكل m² من الموقع,نصب سیستم آبیاری، به ازای هر m² زمین,"सिंचाई सिस्टम लगाना, प्रति m² साइट"
landscaping-trees,tree-pruning,Piece,None,5000,10000,20000,Tree pruning,Ծառերի էտում,Обрезка деревьев,تقليم الأشجار,هرس درخت,पेड़ों की छंटाई
landscaping-trees,tree-removal,Piece,None,15000,30000,60000,Tree removal,Ծառի հատում,Спил деревьев,إزالة الأشجار,قطع و برداشتن درخت,पेड़ हटाना
landscaping-pools,pool-construction,SquareMeter,None,60000,90000,140000,"Swimming pool construction, per m² of pool","Լողավազանի կառուցում, լողավազանի 1 մ²-ի համար","Строительство бассейна, за м² бассейна",بناء مسبح، لكل m² من المسبح,ساخت استخر، به ازای هر m² استخر,"स्विमिंग पूल निर्माण, प्रति m² पूल"
landscaping-pools,pool-service,Fixed,None,15000,25000,40000,Swimming pool service,Լողավազանի սպասարկում,Обслуживание бассейна,صيانة المسبح,سرویس استخر,स्विमिंग पूल सर्विस
landscaping-retaining-walls,retaining-wall-construction,SquareMeter,Wall,8000,12000,18000,Retaining wall construction,Հենապատի կառուցում,Строительство подпорной стены,بناء جدار استنادي,ساخت دیوار حائل,रिटेनिंग वॉल निर्माण
security-cctv,cctv-camera-installation,Piece,None,8000,12000,18000,CCTV camera installation,Տեսահսկման տեսախցիկի տեղադրում,Установка камеры видеонаблюдения,تركيب كاميرات المراقبة,نصب دوربین مداربسته,CCTV कैमरा लगाना
security-cctv,video-recorder-setup,Piece,None,10000,15000,25000,Video recorder installation and setup,Տեսաձայնագրիչի տեղադրում և կարգավորում,Установка и настройка видеорегистратора,تركيب جهاز تسجيل الفيديو وضبطه,نصب و راه‌اندازی دستگاه ضبط (DVR/NVR),वीडियो रिकॉर्डर (DVR/NVR) लगाना और सेटअप
security-alarms,alarm-system-installation,Fixed,None,30000,50000,80000,Alarm system installation,Ազդանշանային համակարգի տեղադրում,Монтаж охранной сигнализации,تركيب نظام إنذار,نصب دزدگیر,अलार्म सिस्टम लगाना
security-alarms,alarm-sensor-installation,Piece,None,3000,5000,8000,Alarm sensor installation,Ազդանշանային տվիչի տեղադրում,Установка датчика сигнализации,تركيب حساس إنذار,نصب سنسور دزدگیر,अलार्म सेंसर लगाना
security-intercoms,intercom-installation,Piece,None,10000,15000,25000,Intercom installation,Դոմոֆոնի տեղադրում,Установка домофона,تركيب جهاز الاتصال الداخلي (الإنتركم),نصب آیفون,इंटरकॉम लगाना
security-access-control,access-control-installation,Piece,None,20000,35000,60000,"Access control installation, per door","Մուտքի վերահսկման համակարգի տեղադրում, 1 դռան համար","Установка системы контроля доступа, за дверь",تركيب نظام التحكم في الدخول، لكل باب,نصب سیستم کنترل تردد، به ازای هر درب,"एक्सेस कंट्रोल लगाना, प्रति दरवाज़ा"
security-smart-home,smart-device-setup,Piece,None,3000,6000,10000,Smart device installation and setup,Խելացի սարքի տեղադրում և կարգավորում,Установка и настройка умного устройства,تركيب الأجهزة الذكية وضبطها,نصب و راه‌اندازی دستگاه هوشمند,स्मार्ट डिवाइस लगाना और सेटअप
security-smart-home,smart-home-system,Fixed,None,50000,100000,200000,Smart home system for an apartment,Խելացի տան համակարգ բնակարանի համար,Система «умный дом» для квартиры,نظام المنزل الذكي لشقة,سیستم خانه هوشمند برای آپارتمان,अपार्टमेंट के लिए स्मार्ट होम सिस्टम
security-networks,network-point-installation,Point,None,3000,5000,8000,Network point installation,Ցանցային վարդակի տեղադրում,Монтаж сетевой розетки,تركيب نقطة شبكة,نصب پریز شبکه,नेटवर्क पॉइंट लगाना
security-networks,wifi-network-setup,Fixed,None,5000,10000,20000,Wi-Fi network setup,Wi-Fi ցանցի կարգավորում,Настройка сети Wi-Fi,إعداد شبكة Wi-Fi,راه‌اندازی شبکه وای‌فای,Wi-Fi नेटवर्क सेटअप
security-fire-alarms,smoke-detector-installation,Piece,None,3000,5000,8000,Smoke detector installation,Ծխի տվիչի տեղադրում,Установка датчика дыма,تركيب كاشف دخان,نصب دتکتور دود,स्मोक डिटेक्टर लगाना
design-architecture,architectural-design,SquareMeter,None,2000,4000,8000,"Architectural design, per m² of floor area","Ճարտարապետական նախագծում, մակերեսի 1 մ²-ի համար","Архитектурное проектирование, за м² площади",التصميم المعماري، لكل m² من المساحة,طراحی معماری، به ازای هر m² زیربنا,"आर्किटेक्चरल डिज़ाइन, प्रति m² फ़्लोर एरिया"
design-interior,interior-design,SquareMeter,None,3000,6000,12000,"Interior design, per m² of floor area","Ինտերիերի դիզայն, մակերեսի 1 մ²-ի համար","Дизайн интерьера, за м² площади",التصميم الداخلي، لكل m² من المساحة,طراحی داخلی، به ازای هر m² زیربنا,"इंटीरियर डिज़ाइन, प्रति m² फ़्लोर एरिया"
design-interior,room-3d-visualization,Piece,None,15000,30000,60000,"3D visualization, per room","3D վիզուալիզացիա, 1 սենյակի համար","3D-визуализация, за комнату",تصور ثلاثي الأبعاد، لكل غرفة,طراحی سه‌بعدی، به ازای هر اتاق,"3D विज़ुअलाइज़ेशन, प्रति कमरा"
design-structural,structural-design,SquareMeter,None,1000,2000,4000,"Structural design, per m² of floor area","Կոնստրուկտիվ նախագծում, մակերեսի 1 մ²-ի համար","Конструктивное проектирование, за м² площади",التصميم الإنشائي، لكل m² من المساحة,طراحی سازه، به ازای هر m² زیربنا,"स्ट्रक्चरल डिज़ाइन, प्रति m² फ़्लोर एरिया"
design-building-services,building-services-design,SquareMeter,None,1000,2000,3500,"Building services design, per m² of floor area","Ինժեներական համակարգերի նախագծում, մակերեսի 1 մ²-ի համար","Проектирование инженерных систем, за м² площади",تصميم الأنظمة الكهروميكانيكية، لكل m² من المساحة,طراحی تأسیسات ساختمان، به ازای هر m² زیربنا,"MEP डिज़ाइन, प्रति m² फ़्लोर एरिया"
design-estimates,cost-estimate,Fixed,None,20000,50000,100000,Cost estimate for a project,Նախագծի նախահաշվի կազմում,Составление сметы проекта,تقدير تكلفة المشروع,برآورد هزینه پروژه,प्रोजेक्ट का लागत अनुमान
design-supervision,site-supervision-visit,Piece,None,10000,20000,35000,Site supervision visit,Տեխնիկական հսկողության այց օբյեկտ,Выезд на объект для технадзора,زيارة إشراف على الموقع,بازدید نظارت از کارگاه,साइट सुपरविज़न विज़िट
design-surveys,property-measurement,Fixed,None,10000,20000,40000,Measuring a property,Գույքի չափագրում,Обмер объекта,قياس العقار,اندازه‌گیری ملک,प्रॉपर्टी की नाप-जोख
design-surveys,topographic-survey,Fixed,None,40000,80000,150000,Topographic survey of a plot,Հողամասի տեղագրական հանույթ,Топографическая съёмка участка,مسح طبوغرافي لقطعة أرض,نقشه‌برداری توپوگرافی زمین,प्लॉट का टोपोग्राफ़िक सर्वे
handyman-repairs,handyman-hour,Hour,None,3000,4000,6000,Handyman work,Վարպետի աշխատանք,Услуги мастера на час,أعمال الصيانة العامة,کارهای فنی منزل,हैंडीमैन का काम
handyman-repairs,handyman-call-out,Fixed,None,5000,7000,10000,Handyman call-out with the first hour,Վարպետի կանչ՝ առաջին ժամը ներառյալ,Вызов мастера с первым часом работы,استدعاء عامل صيانة مع الساعة الأولى,اعزام تعمیرکار با احتساب ساعت اول,"हैंडीमैन विज़िट, पहले घंटे सहित"
handyman-mounting,tv-mounting,Piece,None,8000,12000,18000,TV wall mounting,Հեռուստացույցի ամրացում պատին,Монтаж телевизора на стену,تثبيت التلفاز على الجدار,نصب تلویزیون روی دیوار,टीवी वॉल माउंटिंग
handyman-mounting,shelf-mounting,Piece,None,2000,3500,6000,Shelf mounting,Դարակի ամրացում,Навеска полки,تثبيت الرفوف,نصب قفسه,शेल्फ़ लगाना
handyman-mounting,curtain-rod-mounting,Piece,None,3000,5000,8000,Curtain rod mounting,Վարագույրաձողի ամրացում,Монтаж карниза для штор,تثبيت قضيب الستائر,نصب میله پرده,पर्दे की रॉड लगाना
handyman-mounting,mirror-mounting,Piece,None,3000,5000,8000,Mirror or picture mounting,Հայելու կամ նկարի ամրացում,Навеска зеркала или картины,تثبيت مرآة أو لوحة,نصب آینه یا تابلو,शीशा या तस्वीर लगाना
handyman-appliances,appliance-installation,Piece,None,5000,8000,12000,Household appliance installation,Կենցաղային տեխնիկայի տեղադրում,Установка бытовой техники,تركيب الأجهزة المنزلية,نصب لوازم خانگی,घरेलू उपकरण लगाना
handyman-appliances,hob-oven-connection,Piece,None,6000,10000,15000,Electric hob or oven connection,Էլեկտրական սալօջախի կամ ջեռոցի միացում,Подключение электрической варочной панели или духовки,توصيل موقد أو فرن كهربائي,اتصال اجاق برقی یا فر,इलेक्ट्रिक हॉब या ओवन कनेक्शन
handyman-locks,lock-replacement,Piece,None,5000,8000,12000,Lock replacement,Կողպեքի փոխարինում,Замена замка,استبدال القفل,تعویض قفل,ताला बदलना
handyman-locks,emergency-door-opening,Fixed,None,10000,15000,25000,Emergency door opening,Դռան վթարային բացում,Аварийное вскрытие двери,فتح الأبواب في حالات الطوارئ,بازکردن اضطراری درب,आपातकालीन दरवाज़ा खोलना
handyman-sealing,silicone-sealing,RunningMeter,None,800,1200,2000,Silicone sealing,Սիլիկոնային հերմետիկացում,Герметизация силиконом,العزل بالسيليكون,درزگیری با سیلیکون,सिलिकॉन सीलिंग
